Year,Country,GDP_per_capita,Education_Attainment,Life_Expectancy,Unemployment_Rate,Happiness Score
2023,Afghanistan,415.707417059086,4.15384006500244,72.58098800992877,13.991,1.721
2022,Afghanistan,357.261152798144,3.98425006866455,62.879,14.1,1.859
2021,Afghanistan,356.496214115892,3.0699999332428,61.982,11.994,2.404
2020,Afghanistan,510.787063366811,4.32343006134033,62.575,11.71,2.523
2019,Afghanistan,496.6025042585,4.15384006500244,63.565,11.185,2.56690001487732
2018,Afghanistan,491.337221382603,4.15384006500244,63.081,11.196,3.203
2017,Afghanistan,525.469770891619,5.26141691207886,63.016,11.184,3.632
2016,Afghanistan,522.082215583898,4.15384006500244,63.136,10.133,3.794
2015,Afghanistan,565.569730408751,4.15384006500244,62.659,9.052,3.36
2023,Albania,8575.17113446213,16.4676494598389,72.58098800992877,10.108,5.304
2022,Albania,6846.42614266044,19.834644317627,76.833,10.137,5.277
2021,Albania,6413.28328605026,18.2029342651367,76.463,11.474,5.199
2020,Albania,5370.77862312929,16.4676494598389,76.989,11.69,5.117
2019,Albania,5460.42823730592,17.3219871520996,79.282,11.466,4.88269996643066
2018,Albania,5365.48934672897,16.4676494598389,79.184,12.304,4.719
2017,Albania,4531.03220675893,16.1501998901367,79.047,13.616,4.586
2016,Albania,4124.05538986272,14.3157796859741,78.86,15.418,4.644
2015,Albania,3952.80357364813,14.8080072402954,78.644,17.193,4.655
2023,Algeria,5364.02795022731,11.4359302520752,72.58098800992877,11.701,5.364
2022,Algeria,4961.55257664733,11.4359302520752,77.129,12.346,5.329
2021,Algeria,4160.55926736925,11.4359302520752,76.377,13.63,5.122
2020,Algeria,3743.5419522929,11.4359302520752,74.453,14.057,4.887
2019,Algeria,4468.45341883656,11.4359302520752,76.474,12.259,5.00509977340698
2018,Algeria,4577.21029180491,11.4359302520752,76.066,12.137,5.211
2017,Algeria,4554.66753957828,11.4359302520752,75.743,12.0,5.295
2016,Algeria,4424.98529027556,11.4359302520752,75.732,10.202,5.872
2015,Algeria,4685.05902729002,11.4359302520752,75.622,11.206,6.355
2017,Angola,2437.25971190821,1.99752998352051,61.68,16.61,3.795
2016,Angola,1807.95294072643,1.99752998352051,61.092,16.575,3.795
2015,Angola,3213.90261080059,1.99752998352051,60.655,16.49,3.866
2023,Armenia,8053.01066312345,25.8449993133545,72.58098800992877,13.245,5.455
2022,Armenia,6571.97445545099,28.2912654876709,73.372,13.379,5.342
2021,Armenia,4685.17997128509,28.5798759460449,72.043,15.469,5.399
2020,Armenia,4268.68093304583,24.2099990844727,72.173,18.175,5.283
2019,Armenia,4597.22887399548,27.4885902404785,75.439,18.304,4.67679977416992
2018,Armenia,4196.00562301769,24.2692451477051,75.064,18.966,4.559
2017,Armenia,3869.05373867752,24.3799991607666,74.906,17.704,4.321
2016,Armenia,3524.42476874707,24.1347694396973,74.664,17.617,4.376
2015,Armenia,3512.39350276709,27.3099994659424,74.436,18.261,4.36
2023,Australia,64820.9117890026,35.764835357666,72.58098800992877,3.668,7.057
2022,Australia,64997.0136536475,36.8400001525879,83.2,3.728,7.095
2021,Australia,60607.7788605166,35.9599990844727,83.3,5.116,7.162
2020,Australia,51791.540179984,35.0200004577637,83.2,6.456,7.183
2019,Australia,54972.7017885437,33.0900001525879,82.9,5.159,7.22279977798462
2018,Australia,57196.4220783778,31.75,82.7487804878049,5.3,7.228
2017,Australia,53901.7145392154,31.3899993896484,82.5,5.592,7.272
2016,Australia,49888.0410842736,30.0300006866455,82.4487804878049,5.711,7.284
2015,Australia,56739.0265346593,29.7800006866455,82.4,6.055,7.313
2023,Austria,56033.573792065,14.7956075668335,81.6,5.264,6.905
2022,Austria,52176.6649141178,14.7956075668335,81.0926829268293,4.992,7.097
2021,Austria,53648.7190742245,16.605094909668,81.190243902439,6.459,7.163
2020,Austria,48716.4098900349,15.9696025848389,81.1926829268293,5.201,7.268
2019,Austria,49885.9947355204,15.3599996566772,81.8951219512195,4.56,7.29419994354248
2018,Austria,51194.0749841299,14.7956075668335,81.6926829268293,4.933,7.246
2017,Austria,47163.7425775142,14.25,81.6439024390244,5.561,7.139
2016,Austria,45061.4993920192,13.460000038147,81.6414634146342,6.064,7.006
2015,Austria,43915.228020857,13.0799999237061,81.190243902439,5.802,7.119
2023,Azerbaijan,7125.90858368611,17.6700000762939,72.58098800992877,5.636,4.893
2021,Azerbaijan,5408.04535175023,16.2499160766602,69.366,6.04,5.173
2020,Azerbaijan,4229.91064904503,15.7299995422363,66.868,7.24,5.171
2019,Azerbaijan,4805.75371765917,15.7200002670288,73.102,5.0,5.16480016708374
2018,Azerbaijan,4739.7943123408,15.7299995422363,72.76,4.9,5.208
2017,Azerbaijan,4147.1981423222,15.7200002670288,72.248,5.0,5.201
2016,Azerbaijan,3880.6852276838,15.7399997711182,72.004,5.0,5.234
2015,Azerbaijan,5500.50364628486,15.6899995803833,71.451,4.96,5.291
2023,Bahrain,29218.8605634137,29.5799999237061,72.58098800992877,1.154,5.959
2022,Bahrain,30616.2610677495,29.7800006866455,79.246,1.326,6.173
2021,Bahrain,27147.8083882286,22.47000026702885,78.76,1.541,6.647
2020,Bahrain,24342.8444554718,23.3299999237061,79.174,1.781,6.647
2019,Bahrain,27259.7438599327,22.47000026702885,80.019,1.223,6.22730016708374
2018,Bahrain,26324.4066549559,21.6100006103516,79.857,1.2,6.199
2017,Bahrain,24784.7693514607,14.3400001525879,79.689,1.194,6.105
2016,Bahrain,23800.001440631,14.2799997329712,79.557,1.192,6.087
2015,Bahrain,23734.0551143019,22.47000026702885,79.405,1.16,6.218
2023,Bangladesh,2551.01772674142,8.97999954223633,72.58098800992877,4.454,3.886
2022,Bangladesh,2716.48592677835,7.57236766815186,73.698,4.593,4.282
2021,Bangladesh,2482.84917843357,9.78999996185303,72.381,5.327,5.155
2020,Bangladesh,2248.85078828233,8.97999954223633,71.968,5.436,5.025
2019,Bangladesh,2129.79896954606,9.76000022888184,72.806,4.441,4.83279991149902
2018,Bangladesh,1965.24372731467,9.35999965667725,72.567,4.407,4.456
2017,Bangladesh,1811.08221668646,8.97999954223633,71.788,4.372,4.5
2016,Bangladesh,1649.28380858601,8.51000022888184,71.09,4.35,4.608
2015,Bangladesh,1224.38647668165,8.23999977111816,70.491,4.396,4.643
2021,Belarus,7489.71894713888,28.2999992370605,72.3706829268293,3.9,5.821
2020,Belarus,6542.8645398436,28.2999992370605,72.4572195121951,4.049,5.534
2019,Belarus,6837.76832136779,28.2999992370605,74.2268292682927,4.165,5.5398998260498
2018,Belarus,6360.05310087258,28.2999992370605,74.1756097560976,4.763,5.323
2017,Belarus,5785.53397723676,28.2999992370605,74.1292682926829,5.648,5.483
2016,Belarus,5039.77560949445,28.2999992370605,73.8268292682927,5.844,5.569
2015,Belarus,5967.06856034227,28.2999992370605,73.6243902439025,5.881,5.802
2023,Belgium,54700.9093236712,35.285140991210895,82.5,5.528,6.894
2022,Belgium,50807.2047084918,39.385196685791,81.6975609756098,5.57,6.859
2021,Belgium,51655.7883303715,38.5315399169922,81.790243902439,6.248,6.805
2020,Belgium,45906.2875805246,36.6534843444824,80.6951219512195,5.545,6.834
2019,Belgium,46716.6227467964,35.2999992370605,81.9951219512195,5.364,6.86350011825562
2018,Belgium,47487.2100392561,35.2702827453613,81.5951219512195,5.941,6.923
2017,Belgium,44035.3239358548,34.689998626709,81.4926829268293,7.09,6.927
2016,Belgium,41854.5498296444,32.1699981689453,81.4390243902439,7.83,6.891
2015,Belgium,40893.804537772,31.7099990844727,80.9926829268293,8.482,6.929
2017,Belize,6072.58267640581,2.56925010681152,73.562,6.596,5.956
2016,Belize,6142.49873185177,2.56925010681152,73.399,7.0,5.956
2015,Belize,6154.49593498217,2.56925010681152,73.187,7.578,5.956
2023,Benin,1394.37330217623,3.06135010719299,72.58098800992877,1.657,4.377
2022,Benin,1264.70765976655,4.79155015945435,59.954,1.685,4.374
2021,Benin,1318.83497843483,3.06135010719299,59.821,1.779,4.623
2020,Benin,1197.50136428063,3.06135010719299,60.088,1.502,5.045
2019,Benin,1130.82135304977,3.54480004310608,60.454,1.214,5.21600008010864
2018,Benin,1151.74096952152,0.0,60.14,1.41,4.883
2017,Benin,1054.97408141687,2.53311991691589,59.856,1.659,4.141
2016,Benin,1010.53389609187,3.06135010719299,59.539,1.784,3.657
2015,Benin,1002.41886882564,3.06135010719299,59.377,1.82,3.484
2018,Bhutan,3400.20417159422,10.1999998092651,71.129,3.35,5.082
2017,Bhutan,3435.28804814561,10.1999998092651,70.847,3.016,5.082
2016,Bhutan,3152.30905081592,10.1999998092651,70.602,2.705,5.011
2015,Bhutan,2954.04081973327,10.1999998092651,70.343,2.45,5.196
2023,Bolivia,3686.27996490544,17.8769969940186,72.58098800992877,3.024,5.784
2022,Bolivia,3643.92826968677,16.893159866333,64.928,3.552,5.684
2021,Bolivia,3384.84486479247,16.2906856536865,63.63,5.089,5.6
2020,Bolivia,3099.94219044572,26.8199996948242,64.467,7.903,5.716
2019,Bolivia,3503.8960106182,24.7000007629395,67.841,3.682,5.74749994277954
2018,Bolivia,3500.72642189371,14.3088550567627,67.748,3.519,5.779
2017,Bolivia,3306.30301176558,14.1513919830322,67.701,3.655,5.752
2016,Bolivia,3035.8734778704,13.4819030761719,67.628,3.498,5.823
2015,Bolivia,2996.01289804214,22.3299999237061,67.318,3.111,5.822
2023,Bosnia And Herzegovina,8638.66620201187,11.276029586792,72.58098800992877,10.668,5.877
2022,Bosnia And Herzegovina,7655.59421024383,12.289999961853,75.293,12.657,5.633
2021,Bosnia And Herzegovina,7295.3438240957,11.7022619247437,75.3,14.897,5.768
2020,Bosnia And Herzegovina,6130.31133245161,10.5900001525879,76.225,15.868,5.813
2019,Bosnia And Herzegovina,6122.3753450882,6.99687480926514,77.241,15.692,5.67409992218018
2018,Bosnia And Herzegovina,6047.84584261133,7.75,77.093,18.4,5.386
2017,Bosnia And Herzegovina,5345.01985489192,7.18639755249023,76.935,20.527,5.129
2016,Bosnia And Herzegovina,4928.5665251728,8.38000011444092,76.808,25.408,5.182
2015,Bosnia And Herzegovina,4662.25883724069,7.55000019073486,76.182,27.695,5.163
2023,Botswana,7820.23240375076,9.64603805541992,72.58098800992877,23.381,3.383
2022,Botswana,8329.04032229144,9.51717185974121,65.913,23.615,3.435
2021,Botswana,7808.20623956293,8.84055423736572,61.141,23.106,3.471
2020,Botswana,6323.31419156209,8.33574199676514,65.647,21.017,3.467
2019,Botswana,7172.08956480028,8.1895227432251,65.464,20.094,3.47889995574951
2018,Botswana,7407.95940141786,8.84055423736572,65.422,19.681,3.488
2017,Botswana,7104.96401088027,8.84055423736572,66.753,19.664,3.59
2016,Botswana,6749.05994339013,8.84055423736572,65.464,19.329,3.766
2015,Botswana,6141.20394726616,8.84055423736572,63.818,18.93,3.974
2023,Brazil,10294.866680778,15.7299995422363,72.58098800992877,7.947,6.272
2022,Brazil,9281.33334441234,15.7299995422363,73.425,9.231,6.125
2021,Brazil,7972.53665048385,15.7299995422363,72.75,13.158,6.293
2020,Brazil,7074.19378281866,15.7299995422363,74.009,13.697,6.33
2019,Brazil,9029.83326742175,15.7299995422363,75.338,11.936,6.37559986114502
2018,Brazil,9300.66164936497,16.5400009155273,75.109,12.329,6.3
2017,Brazil,10080.5092817775,15.7299995422363,74.827,12.792,6.419
2016,Brazil,8836.28652636996,15.3500003814697,74.442,11.58,6.635
2015,Brazil,8936.19661756825,15.7299995422363,74.332,8.538,6.952
2023,Bulgaria,15885.5391311331,25.13441371917725,75.8,4.319,5.463
2022,Bulgaria,13644.201582807,26.3977317810059,74.3609756097561,4.268,5.466
2021,Bulgaria,12274.0775950496,26.2697563171387,71.4634146341463,5.267,5.371
2020,Bulgaria,10198.5388313404,26.0499992370605,73.6585365853659,5.125,5.266
2019,Bulgaria,9838.60058985384,25.1552085876465,75.1121951219512,4.23,5.10150003433228
2018,Bulgaria,9436.14479876055,25.113618850708,74.9634146341464,5.211,5.011
2017,Bulgaria,8381.88134621669,24.7099990844727,74.8146341463415,6.164,4.933
2016,Bulgaria,7570.93165511708,24.6299991607666,74.8121951219512,7.575,4.714
2015,Bulgaria,7078.86032298969,24.4699993133545,74.6146341463415,9.143,4.217
2023,Burkina Faso,882.689810086163,2.29087615013123,72.58098800992877,5.348,4.548
2022,Burkina Faso,836.118304593682,1.9884124994278,59.766,5.389,4.638
2021,Burkina Faso,895.535288442991,2.40341997146606,59.27,5.2,4.67
2020,Burkina Faso,825.237038782475,2.15000009536743,59.731,5.04,4.834
2019,Burkina Faso,764.853077774946,2.11959004402161,60.039,4.71,4.76870012283325
2018,Burkina Faso,777.465618514048,2.15000009536743,60.047,4.695,4.587
2017,Burkina Faso,709.091535894695,2.15000009536743,59.536,4.656,4.424
2016,Burkina Faso,663.742364842886,2.15000009536743,59.326,4.587,4.032
2015,Burkina Faso,630.124750752312,2.15000009536743,58.845,4.461,3.739
2020,Burundi,210.008139902508,0.910000026226044,61.566,1.03,3.775
2019,Burundi,210.236494521532,0.910000026226044,62.351,1.043,3.77530002593994
2018,Burundi,224.89939239264,0.910000026226044,61.688,1.146,3.775
2017,Burundi,236.694472592753,0.910000026226044,61.553,1.247,2.905
2016,Burundi,235.286205393908,0.910000026226044,60.793,1.347,2.905
2015,Burundi,280.966831311923,0.910000026226044,60.217,1.442,2.905
2023,Cambodia,2429.74853452838,4.98367166519165,72.58098800992877,0.225,4.341
2022,Cambodia,2325.03050040841,4.98367166519165,69.896,0.231,4.393
2021,Cambodia,2167.40324198499,4.56162977218628,69.584,0.396,4.64
2020,Cambodia,2081.73914242939,5.9446907043457,70.416,0.172,4.83
2019,Cambodia,2225.87705485686,0.114589996635914,70.692,0.119,4.8484001159668
2018,Cambodia,2036.67377566578,4.98367166519165,70.561,0.13,4.7
2017,Cambodia,1826.35391688754,4.92364501953125,70.515,0.141,4.433
2016,Cambodia,1675.19555711109,6.24475765228271,70.224,0.716,4.168
2015,Cambodia,1547.32010444393,5.04369831085205,69.873,0.393,3.907
2023,Cameroon,1736.86091073524,6.42238998413086,72.58098800992877,3.613,4.874
2022,Cameroon,1604.87726954895,6.42238998413086,60.958,3.653,4.973
2021,Cameroon,1672.32657340872,6.42238998413086,60.333,3.973,5.048
2020,Cameroon,1555.60370660749,6.42238998413086,60.833,3.87,5.142
2019,Cameroon,1555.22660476477,6.42238998413086,61.584,3.622,5.08489990234375
2018,Cameroon,1610.69641591017,6.42238998413086,61.18,3.601,5.044
2017,Cameroon,1496.08951771242,6.42238998413086,60.81,3.568,4.975
2016,Cameroon,1441.7201725688,6.42238998413086,60.233,3.528,4.695
2015,Cameroon,1415.00009710569,6.42238998413086,59.658,3.518,4.513
2023,Canada,53431.1857063879,32.88818359375,72.58098800992877,5.415,6.9
2022,Canada,55509.393176404,32.3500862121582,81.2956097560976,5.279,6.961
2021,Canada,52496.8441693242,29.3299999237061,81.5870731707317,7.527,7.025
2020,Canada,43537.839298904,30.970832824707,81.6604878048781,9.657,7.103
2019,Canada,46352.8693445211,29.7712154388428,82.2239024390244,5.69,7.23210000991821
2018,Canada,46539.1761570405,28.5200099945068,81.8439024390244,5.837,7.278
2017,Canada,45129.628116623,27.9425659179688,81.8329268292683,6.426,7.328
2016,Canada,42314.0615817218,25.75,81.9248780487805,7.038,7.316
2015,Canada,43594.1941045394,26.577808380127,81.8156097560976,6.945,7.404
2019,Central African Republic,449.228467602439,1.81203997135162,55.025,5.607,3.47589993476868
2018,Central African Republic,455.243962859534,1.81203997135162,54.369,5.517,3.083
2017,Central African Republic,432.324025684263,1.81203997135162,53.721,5.534,3.083
2016,Central African Republic,387.176203444318,1.81203997135162,53.46,5.491,2.693
2023,Chad,680.639877912029,2.244221568107605,72.58098800992877,1.074,4.471
2022,Chad,671.720147647873,2.244221568107605,52.997,1.096,4.397
2021,Chad,660.747192555507,2.244221568107605,52.525,1.548,4.251
2020,Chad,622.095543396442,2.244221568107605,52.777,1.707,4.355
2019,Chad,678.142035723965,1.75650000572205,53.259,1.084,4.42269992828369
2018,Chad,695.642393675941,2.73194313049316,52.825,1.135,4.35
2017,Chad,640.117048532702,2.244221568107605,52.308,1.116,4.301
2016,Chad,668.078636142918,2.244221568107605,52.083,1.047,3.936
2015,Chad,747.588448455507,2.244221568107605,51.589,0.974,3.763
2023,Chile,17067.8136150601,21.5449905395508,81.4,9.013,6.36
2022,Chile,15451.1319576678,20.2825660705566,79.519,8.249,6.334
2021,Chile,16216.5706467899,19.6066036224365,78.944,9.281,6.172
2020,Chile,13114.815470545,19.1351909637451,79.377,10.934,6.172
2019,Chile,14495.716721687,15.9265537261963,80.326,7.493,6.22849988937378
2018,Chile,15659.4808675628,15.5733489990234,80.133,7.623,6.444
2017,Chile,14879.9086230423,14.6400003433228,80.35,7.257,6.476
2016,Chile,13649.8520455553,13.9364814758301,80.079,6.673,6.652
2015,Chile,13433.9202985339,13.1000003814697,79.746,6.313,6.705
2023,China,12614.0617416421,7.67999982833862,72.58098800992877,4.67,5.973
2022,China,12662.5826712038,7.67999982833862,78.587,4.98,5.818
2021,China,12617.5051041181,7.67999982833862,78.211,4.55,5.585
2020,China,10408.7195541075,7.67999982833862,78.077,5.0,5.339
2019,China,10143.8602206165,7.67999982833862,77.968,4.56,5.12389993667603
2018,China,9905.40638304527,7.67999982833862,77.744,4.31,5.191
2017,China,8817.04560829162,7.67999982833862,77.248,4.47,5.246
2016,China,8094.39016735149,7.67999982833862,77.218,4.56,5.273
2015,China,8016.44559489998,7.67999982833862,76.977,4.65,5.245
2023,Colombia,6947.35928681966,16.4727363586426,72.58098800992877,9.594,5.695
2022,Colombia,6674.59601948063,16.20046043396,73.659,10.547,5.63
2021,Colombia,6222.62164397614,12.0699996948242,72.83,13.898,5.781
2020,Colombia,5339.68711357943,12.8500003814697,74.769,15.983,6.012
2019,Colombia,6472.54544924705,12.0699996948242,76.752,10.28,6.16340017318726
2018,Colombia,6816.96818309544,11.7600002288818,76.748,9.36,6.125
2017,Colombia,6479.53231292429,12.0699996948242,76.646,9.086,6.26
2016,Colombia,5959.84250367574,10.8999996185303,76.471,8.922,6.357
2015,Colombia,6248.51490534512,10.3000001907349,76.257,8.572,6.481
2023,Comoros,1590.31237688317,8.684047818183895,72.58098800992877,3.776,3.566
2022,Comoros,1489.49566257969,14.056170463562,63.68,3.816,3.545
2021,Comoros,1584.12450153608,3.31192517280579,63.417,4.394,4.609
2020,Comoros,1527.16991011916,8.684047818183895,64.166,4.471,4.289
2019,Comoros,1519.26386436068,8.684047818183895,64.068,3.934,4.28859996795654
2018,Comoros,1540.71132257526,8.684047818183895,63.912,3.942,3.973
2015,Comoros,1329.37048235986,8.684047818183895,62.896,4.121,3.956
2023,"Congo, Dem. Rep.",627.502181690836,5.447084903717045,72.58098800992877,4.484,5.221
2022,"Congo, Dem. Rep.",642.612265820033,5.447084903717045,59.743,4.522,5.267
2021,"Congo, Dem. Rep.",558.034077296358,5.447084903717045,59.193,5.28,5.075
2020,"Congo, Dem. Rep.",507.521230077872,5.447084903717045,59.739,5.345,5.342
2019,"Congo, Dem. Rep.",557.044161335917,5.447084903717045,60.276,4.591,5.1943998336792
2018,"Congo, Dem. Rep.",528.256019777898,7.4141697883606,59.942,4.618,4.812
2017,"Congo, Dem. Rep.",436.584534687385,5.447084903717045,59.411,4.601,4.559
2016,"Congo, Dem. Rep.",442.310472110228,3.48000001907349,59.066,4.521,4.291
2015,"Congo, Dem. Rep.",467.9145805459,5.447084903717045,58.49,4.439,4.236
2023,Costa Rica,16942.0268119375,21.30499935150145,81.0,8.325,6.955
2022,Costa Rica,13625.9008491328,21.30499935150145,77.32,11.325,6.609
2021,Costa Rica,12838.1185358931,21.30499935150145,77.023,15.139,6.582
2020,Costa Rica,12394.0493969492,21.6100006103516,79.277,16.432,7.069
2019,Costa Rica,12884.6859951989,21.30499935150145,79.427,10.807,7.12139987945557
2018,Costa Rica,12590.2493781614,21.3099994659424,79.484,9.01,7.167
2017,Costa Rica,12317.0902771304,21.30499935150145,79.377,7.729,7.072
2016,Costa Rica,12091.0301606154,20.6299991607666,79.459,8.085,7.079
2015,Costa Rica,11714.7105980732,21.2999992370605,79.086,8.415,7.087
2023,Cote D'Ivoire,2530.84659301723,4.872568368911745,72.58098800992877,2.27,5.08
2022,Cote D'Ivoire,2308.70654660366,4.76513671875,58.916,2.306,5.053
2021,Cote D'Ivoire,2455.98127641148,4.98000001907349,58.598,2.63,5.235
2020,Cote D'Ivoire,2179.72934832935,4.872568368911745,59.032,2.584,5.306
2019,Cote D'Ivoire,2141.76836170115,5.22612524032593,59.319,2.401,5.23330020904541
2018,Cote D'Ivoire,2130.86619381144,4.872568368911745,58.849,2.85,4.944
2017,Cote D'Ivoire,1964.29930338343,4.872568368911745,58.48,3.272,4.671
2016,Cote D'Ivoire,1862.59597081287,3.45458006858826,58.06,1.896,4.18
2015,Cote D'Ivoire,1814.71855088017,4.872568368911745,57.762,2.579,3.916
2023,Croatia,21865.4562838641,18.016044616699197,78.6,6.086,5.942
2022,Croatia,18466.0955472648,19.0439777374268,77.5756097560976,6.96,6.125
2021,Croatia,17789.9304736722,18.9514045715332,76.4243902439025,7.608,6.125
2020,Croatia,14808.4620188819,18.9136714935303,77.7243902439024,7.507,5.882
2019,Croatia,15563.8167397199,18.0067329406738,78.4243902439025,6.617,5.50470018386841
2018,Croatia,15460.4183295843,18.0253562927246,78.0707317073171,8.432,5.432
2017,Croatia,13902.6310485422,16.9888916015625,77.8268292682927,11.208,5.321
2016,Croatia,12821.1738140304,16.0571804046631,78.0219512195122,13.103,5.293
2015,Croatia,12285.3032582105,15.3868761062622,77.2756097560976,16.175,5.488
2023,Cyprus,36551.41796875,28.5599994659424,72.58098800992877,6.098,6.068
2022,Cyprus,33938.9453125,33.1645622253418,81.889,6.806,6.13
2021,Cyprus,33734.29296875,31.7849750518799,81.203,7.513,6.221
2020,Cyprus,28649.015625,29.7999992370605,81.391,7.755,6.223
2019,Cyprus,29703.052734375,28.8715553283691,81.397,7.155,6.15899991989136
2018,Cyprus,29599.986328125,28.5599994659424,81.382,8.504,6.046
2017,Cyprus,26696.990234375,27.1771392822266,81.328,11.155,5.762
2016,Cyprus,24715.154296875,26.6200008392334,81.056,13.006,5.621
2015,Cyprus,23487.228515625,25.5499992370605,80.966,15.026,5.546
2023,Czechia,31591.1770732969,20.9417028427124,80.0,2.579,6.822
2022,Czechia,28282.2236715857,20.9734058380127,79.0292682926829,2.224,6.845
2021,Czechia,27696.4619527544,22.8479957580566,77.2219512195122,2.803,6.92
2020,Czechia,23472.8915454417,21.3851680755615,78.1756097560976,2.55,6.965
2019,Czechia,24062.7190013343,20.9099998474121,79.2292682926829,2.015,6.9109001159668
2018,Czechia,23705.9329811299,21.0019187927246,79.0292682926829,2.246,6.852
2017,Czechia,20913.197632212,20.7299995422363,78.9780487804878,2.893,6.711
2016,Czechia,18753.9686718096,20.0799999237061,79.0268292682927,3.952,6.609
2015,Czechia,17931.5987670768,19.3400001525879,78.5780487804878,5.048,6.596
2023,Denmark,68453.8769281145,31.7404432296753,81.9,5.094,7.583
2022,Denmark,68091.3191138669,32.7245712280273,81.3048780487805,4.434,7.586
2021,Denmark,69727.9873677012,32.452018737793,81.4048780487805,5.043,7.636
2020,Denmark,60985.4885601514,33.0900001525879,81.6024390243903,5.637,7.62
2019,Denmark,59404.2663247723,31.120885848999,81.4512195121951,5.018,7.64559984207153
2018,Denmark,61324.7665045565,32.3600006103516,80.9536585365854,5.131,7.6
2017,Denmark,57521.5514992225,29.7281112670898,81.1024390243903,5.833,7.555
2016,Denmark,54500.9260410217,30.9799995422363,80.8536585365854,5.989,7.522
2015,Denmark,53094.0133607574,30.3799991607666,80.7024390243902,6.278,7.526
2023,Dominican Republic,10717.6276712204,18.7137393951416,72.58098800992877,5.555,5.823
2022,Dominican Republic,10109.5234003521,17.6953067779541,74.17,5.504,5.569
2021,Dominican Republic,8472.47982000992,12.9000816345215,72.615,7.702,5.737
2020,Dominican Republic,7162.29175242114,12.8589019775391,72.889,6.126,5.545
2019,Dominican Republic,8164.22080932117,14.3608598709106,73.577,6.356,5.68919992446899
2018,Dominican Republic,7934.98141208525,12.7266597747803,73.232,5.861,5.425
2017,Dominican Republic,7499.69286187019,11.7243194580078,73.063,5.832,5.302
2016,Dominican Republic,7174.82349574,18.1200008392334,72.987,7.284,5.23
2015,Dominican Republic,6819.93225155181,11.742317199707,72.953,7.605,5.155
2023,"Congo, Dem. Rep.",627.502181690836,5.447084903717045,59.1165,4.484,3.295
2022,"Congo, Dem. Rep.",642.612265820033,5.447084903717045,59.743,4.522,3.207
2019,"Congo, Dem. Rep.",557.044161335917,5.447084903717045,60.276,4.591,4.31099987030029
2018,"Congo, Dem. Rep.",528.256019777898,7.4141697883606,59.942,4.618,4.418
2017,"Congo, Dem. Rep.",436.584534687385,5.447084903717045,59.411,4.601,4.245
2016,"Congo, Dem. Rep.",442.310472110228,3.48000001907349,59.066,4.521,4.28
2015,"Congo, Dem. Rep.",467.9145805459,5.447084903717045,58.49,4.439,4.272
2023,Ecuador,6609.80408154957,12.1050000190735,72.58098800992877,3.51,5.725
2022,Ecuador,6540.99824522101,12.1300001144409,77.894,3.761,5.559
2021,Ecuador,6075.8026572556,12.3999996185303,73.67,4.552,5.533
2020,Ecuador,5463.64509649315,11.9399995803833,72.153,6.127,5.764
2019,Ecuador,6205.05759479761,12.1050000190735,77.297,3.812,5.92519998550415
2018,Ecuador,6303.91892523596,12.1050000190735,77.094,3.53,6.028
2017,Ecuador,6233.32244797718,12.1599998474121,76.972,3.836,5.973
2016,Ecuador,5917.63771271481,11.7200002670288,76.763,4.597,6.008
2015,Ecuador,5976.1596805651,12.0799999237061,76.789,3.616,5.976
2023,"Egypt, Arab Rep.",3457.45691570455,0.0,72.58098800992877,7.334,3.977
2022,"Egypt, Arab Rep.",4233.30783744856,0.0,70.159,7.344,4.17
2021,"Egypt, Arab Rep.",3827.35415374308,0.0,70.221,7.441,4.288
2020,"Egypt, Arab Rep.",3511.11381026379,0.0,70.99,7.974,4.283
2019,"Egypt, Arab Rep.",2962.98892023003,0.0,71.358,7.851,4.15140008926392
2018,"Egypt, Arab Rep.",2484.70315630508,0.0,71.367,9.855,4.166
2017,"Egypt, Arab Rep.",2395.10333299491,6.17000007629395,71.302,11.767,4.419
2016,"Egypt, Arab Rep.",3270.6287768197,0.0,70.844,12.45,4.735
2015,"Egypt, Arab Rep.",3306.98159414141,0.0,70.483,13.052,4.362
2023,El Salvador,5391.06926181338,7.26999998092651,72.58098800992877,2.992,6.469
2022,El Salvador,5093.51833879776,7.26999998092651,71.475,2.999,6.122
2021,El Salvador,4642.60743101342,7.26999998092651,70.748,4.327,6.12
2020,El Salvador,3997.19279583709,8.43000030517578,71.061,5.008,6.061
2019,El Salvador,4320.11671534627,8.34000015258789,72.559,4.17,6.34829998016357
2018,El Salvador,4183.54620971358,7.26999998092651,72.555,4.006,6.253
2017,El Salvador,4020.12671373919,6.67000007629395,72.311,4.385,6.167
2016,El Salvador,3901.34014965811,7.11999988555908,72.025,4.418,6.003
2015,El Salvador,3790.34089108162,7.26999998092651,71.814,3.998,6.068
2023,Estonia,30133.304450454,31.7258358001709,78.8,6.378,6.448
2022,Estonia,28451.1477825175,32.6602210998535,77.9439024390244,5.571,6.455
2021,Estonia,27953.7670230126,31.7315711975098,76.9439024390244,6.178,6.341
2020,Estonia,23933.9939421065,30.8500003814697,78.5951219512195,6.956,6.189
2019,Estonia,24021.2501413306,33.4643707275391,78.6463414634147,4.514,6.02180004119873
2018,Estonia,23618.1361254581,33.57568359375,78.2439024390244,5.412,5.893
2017,Estonia,20851.5223496861,31.720100402832,78.0926829268293,5.807,5.739
2016,Estonia,18666.3736521706,30.4089946746826,77.6414634146342,6.882,5.611
2015,Estonia,17722.1557669523,29.775821685791,77.590243902439,6.412,5.517
2023,Eswatini,3610.60879677551,18.2514572143555,72.58098800992877,35.086,3.502
2021,Eswatini,3926.48687364215,14.4894857406616,57.066,34.153,4.396
2023,Ethiopia,1272.01628209211,3.8111032247543353,72.58098800992877,3.402,3.861
2022,Ethiopia,1011.0732858233,3.8111032247543353,65.645,3.409,4.091
2021,Ethiopia,910.947840320752,6.28919649124146,64.975,3.935,4.241
2020,Ethiopia,905.313175805855,3.8111032247543353,65.371,3.994,4.275
2019,Ethiopia,828.70897229725,3.8111032247543353,65.838,2.917,4.18620014190674
2018,Ethiopia,747.968143637014,3.8111032247543353,65.412,2.802,4.286
2017,Ethiopia,745.632449222154,3.8111032247543353,64.838,2.662,4.35
2016,Ethiopia,696.195884706786,1.33300995826721,64.392,2.554,4.46
2015,Ethiopia,621.845673808133,3.8111032247543353,63.649,2.443,4.508
2023,Finland,52925.6897638424,26.876838684082,81.7,7.151,7.741
2022,Finland,50438.4753952355,28.7976665496826,81.1878048780488,6.719,7.804
2021,Finland,53099.1351400148,28.2076778411865,81.8853658536585,7.617,7.821
2020,Finland,48828.6846862799,30.9471302032471,81.9317073170732,7.759,7.842
2019,Finland,48358.1807773701,25.9400005340576,81.9829268292683,6.695,7.80870008468628
2018,Finland,49654.2497035329,27.8136768341064,81.7341463414634,7.361,7.769
2017,Finland,46085.0174739036,24.3400001525879,81.6317073170732,8.64,7.632
2016,Finland,43451.2562442158,25.4359493255615,81.4292682926829,8.818,7.469
2015,Finland,42560.3456767103,23.0300006866455,81.4804878048781,9.376,7.413
2023,France,44690.9345395117,24.354621887207,83.1,7.335,6.609
2022,France,41082.8119320747,22.5577774047852,82.2292682926829,7.308,6.661
2021,France,43725.0999521245,22.9377460479736,82.3243902439024,7.874,6.687
2020,France,39169.8606000707,20.9787750244141,82.1756097560976,8.009,6.69
2019,France,40408.2848574751,19.7000007629395,82.8268292682927,8.415,6.66379976272583
2018,France,41418.1766484844,19.2230129241943,82.6756097560976,9.018,6.592
2017,France,38687.1626407164,18.0,82.5756097560976,9.409,6.489
2016,France,37024.2157133669,17.3999996185303,82.5731707317073,10.057,6.442
2015,France,36702.4323733379,17.6599998474121,82.3219512195122,10.354,6.478
2023,"Gambia, The",888.157407724123,9.04935646057129,72.58098800992877,6.479,4.485
2022,"Gambia, The",836.244875868476,1.88328003883362,62.906,6.076,4.279
2021,"Gambia, The",781.890925169531,1.88328003883362,62.083,6.269,5.164
2020,"Gambia, The",720.335143352133,1.88328003883362,62.612,5.892,5.051
2019,"Gambia, The",738.186751987483,1.88328003883362,63.755,4.538,4.75059986114502
2018,"Gambia, The",696.219806960615,1.39770996570587,63.04,4.127,4.516
2023,Georgia,8283.66960242964,34.5390701293945,72.58098800992877,11.537,5.185
2022,Georgia,6729.84659930283,34.0200004577637,71.587,11.647,5.109
2021,Georgia,5083.60695484577,34.2079086303711,71.694,11.791,4.973
2020,Georgia,4300.85701291207,33.1648941040039,72.765,11.73,4.891
2019,Georgia,4741.2832715876,33.6699981689453,73.47,11.565,4.67259979248047
2018,Georgia,4804.0546040444,34.8497581481934,73.341,12.667,4.519
2017,Georgia,4418.75206546679,34.0200004577637,73.57,13.939,4.34
2016,Georgia,4143.40125686315,32.8499984741211,73.569,16.604,4.286
2015,Georgia,4086.6223465965,34.6597900390625,73.297,16.506,4.252
2023,Germany,54343.2265084958,26.43326473236085,72.58098800992877,3.068,6.719
2022,Germany,49686.1154582583,29.2060985565186,80.7056097560976,3.12,6.892
2021,Germany,52265.6541620571,29.0407466888428,80.790243902439,3.594,7.034
2020,Germany,47379.765194548,28.3500003814697,81.0414634146342,3.881,7.155
2019,Germany,47623.8656074829,27.0112819671631,81.2926829268293,3.163,7.0757999420166
2018,Germany,48874.8595028454,25.1499996185303,80.8926829268293,3.384,6.985
2017,Germany,45526.5999576533,25.8552474975586,80.9926829268293,3.781,6.965
2016,Germany,42961.0356905775,25.5799999237061,80.990243902439,4.104,6.951
2015,Germany,41911.0109851054,24.7399997711182,80.6414634146341,4.612,6.994
2023,Ghana,2260.28741289427,4.72734594345093,72.58098800992877,3.063,4.289
2022,Ghana,2240.27945094566,6.22969007492065,63.945,3.084,4.605
2021,Ghana,2445.50081810782,4.72734594345093,63.795,3.384,4.872
2020,Ghana,2196.54789313621,4.72734594345093,64.114,3.313,5.088
2019,Ghana,2186.18924111824,4.72734594345093,64.74,3.16,5.14799976348877
2018,Ghana,2196.61290615342,4.72734594345093,64.122,3.253,4.996
2017,Ghana,2012.97025750655,3.49149990081787,64.013,3.369,4.657
2016,Ghana,1913.18673253576,4.72734594345093,63.89,5.232,4.12
2015,Ghana,1721.69964380717,4.72734594345093,63.175,6.806,4.276
2023,Greece,23400.7278817691,24.28804588317875,81.6,11.066,5.934
2022,Greece,20971.8349258283,28.9304580688477,80.6365853658537,12.426,5.931
2021,Greece,20654.7001960815,28.1758575439453,80.0829268292683,14.656,5.948
2020,Greece,17886.733165236,26.0400009155273,81.2878048780488,15.899,5.723
2019,Greece,19335.3602002969,24.4034461975098,81.6390243902439,17.045,5.5149998664856
2018,Greece,19873.4015238771,24.1726455688477,81.7878048780488,19.179,5.287
2017,Greece,18631.9930129293,23.5572547912598,81.2878048780488,21.413,5.358
2016,Greece,17919.2426377048,20.1399993896484,81.3878048780488,23.514,5.227
2015,Greece,17980.7298238137,22.9300003051758,81.0365853658537,24.981,5.033
2023,Guatemala,5762.82174615918,4.16229772567749,72.58098800992877,2.344,6.287
2022,Guatemala,5358.08963795,5.68784999847412,68.674,3.051,6.15
2021,Guatemala,4913.94712869347,4.241148948669435,69.237,2.174,6.262
2020,Guatemala,4477.61761796418,4.241148948669435,71.797,2.955,6.435
2019,Guatemala,4511.99755157656,4.32000017166138,73.129,2.193,6.39890003204346
2018,Guatemala,4352.94651790253,4.241148948669435,72.726,2.283,6.436
2017,Guatemala,4324.99607911366,4.241148948669435,72.551,2.462,6.382
2016,Guatemala,4060.13755621218,4.241148948669435,72.355,2.583,6.454
2015,Guatemala,3893.50521848131,3.78042006492615,72.103,2.506,6.324
2023,Guinea,1541.04050914957,7.1741099357605,72.58098800992877,5.244,5.023
2022,Guinea,1416.59612011764,7.1741099357605,58.985,5.267,5.072
2021,Guinea,1244.96550477914,7.1741099357605,58.892,5.827,4.891
2020,Guinea,1053.66097696415,7.1741099357605,59.327,6.018,4.984
2019,Guinea,1031.34146480732,22.7037582397461,59.72,5.018,4.94929981231689
2018,Guinea,933.273615633705,6.21000003814697,59.349,4.787,4.534
2017,Guinea,833.598621691121,7.1741099357605,59.109,4.826,3.964
2016,Guinea,711.996509782316,7.1741099357605,58.763,5.013,3.507
2015,Guinea,747.356966759448,7.1741099357605,58.134,5.224,3.607
2020,Haiti,1290.32538667383,4.53101015090942,64.052,15.546,3.615
2019,Haiti,1352.17204191532,4.53101015090942,64.255,14.057,3.72079992294312
2018,Haiti,1496.38048970156,4.53101015090942,64.019,13.878,3.597
2017,Haiti,1395.23945184461,4.53101015090942,63.854,13.881,3.582
2016,Haiti,1318.40268167953,4.53101015090942,63.392,13.852,3.603
2015,Haiti,1411.12684746796,4.53101015090942,63.237,13.724,4.028
2023,Honduras,3231.65724461936,9.57999992370605,72.58098800992877,6.07,5.968
2022,Honduras,3003.28996826399,9.57999992370605,70.728,8.774,6.023
2021,Honduras,2735.14751503977,9.57999992370605,70.123,8.506,6.022
2020,Honduras,2307.61494319511,9.57999992370605,71.462,10.982,5.919
2019,Honduras,2502.32744328073,9.63000011444092,72.881,5.698,5.95319986343384
2018,Honduras,2464.64241531918,9.57999992370605,72.814,5.648,5.86
2017,Honduras,2413.0076562942,5.9344277381897,72.692,5.528,5.504
2016,Honduras,2307.34468351082,10.5,72.588,6.727,5.181
2015,Honduras,2271.20265980349,9.35000038146973,72.487,6.147,4.871
2023,Hungary,22141.8669799276,22.17855072021485,76.9,4.107,6.017
2022,Hungary,18353.298364905,26.128345489502,76.0170731707317,3.609,6.041
2021,Hungary,18755.1023464312,25.8177375793457,74.1634146341463,4.045,6.086
2020,Hungary,16131.9540355923,24.0799999237061,75.5682926829269,4.25,5.992
2019,Hungary,16786.2136399075,22.5712108612061,76.3195121951219,3.419,6.00040006637573
2018,Hungary,16425.2050299693,21.7858905792236,76.0658536585366,3.708,5.758
2017,Hungary,14621.2395956755,20.772331237793,75.8170731707317,4.156,5.62
2016,Hungary,13104.6995457458,20.4099998474121,76.0634146341464,5.115,5.324
2015,Hungary,12717.038597002,20.6700000762939,75.5682926829269,6.813,5.145
2023,Iceland,79636.9548578508,35.53004455566405,82.6,3.518,7.525
2022,Iceland,75314.085560994,34.2301330566406,82.1707317073171,3.789,7.53
2021,Iceland,69325.9078287926,34.156925201416,83.1658536585366,6.029,7.557
2020,Iceland,59023.5663465778,36.6199989318848,83.0634146341463,5.478,7.554
2019,Iceland,68452.23622306,36.1399993896484,83.1634146341463,3.507,7.50449991226196
2018,Iceland,74452.1890731447,38.9894828796387,82.8609756097561,2.704,7.494
2017,Iceland,72010.1490316258,36.9775695800781,82.6609756097561,2.742,7.495
2016,Iceland,61987.9263620283,34.9200897216797,82.2048780487805,2.978,7.504
2015,Iceland,52951.6815110898,32.3081283569336,82.4682926829268,3.979,7.501
2023,India,2480.79208721621,13.2299995422363,72.58098800992877,4.172,4.054
2022,India,2352.61392452078,12.1400003433228,67.744,4.822,4.036
2021,India,2239.61384367482,12.078020095825199,67.24,6.38,3.777
2020,India,1907.04251637669,12.2200002670288,70.15,7.859,3.819
2019,India,2041.42863698585,12.0160398483276,70.91,6.51,3.57329988479614
2018,India,1966.25455171679,10.7799997329712,70.71,7.652,4.015
2017,India,1950.10468280866,12.078020095825199,70.467,7.618,4.19
2016,India,1707.50892912243,10.1431703567505,70.117,7.601,4.315
2015,India,1583.99815907985,12.078020095825199,69.636,7.631,4.404
2023,Indonesia,4876.31432703188,9.32683753967285,72.58098800992877,3.308,5.568
2022,Indonesia,4730.74548910499,9.48062133789062,68.25,3.462,5.277
2021,Indonesia,4287.17313989405,9.48564147949219,67.57,3.827,5.24
2020,Indonesia,3853.70288778903,10.5200004577637,68.808,4.255,5.345
2019,Indonesia,4106.94856173421,8.78998947143555,70.518,3.59,5.28560018539429
2018,Indonesia,3860.95353077708,9.36999988555908,70.338,4.387,5.192
2017,Indonesia,3798.88326177649,8.23369979858398,69.936,3.783,5.093
2016,Indonesia,3521.46943456251,8.78999996185303,69.798,4.301,5.262
2015,Indonesia,3288.22269737572,8.47999954223633,69.699,4.514,5.314
2023,"Iran, Islamic Rep.",4465.63766994952,17.3733730316162,72.58098800992877,9.041,4.923
2022,"Iran, Islamic Rep.",4405.09291519791,18.2504196166992,74.556,9.085,4.876
2021,"Iran, Islamic Rep.",4334.79268631354,17.7855739593506,73.875,9.282,4.888
2020,"Iran, Islamic Rep.",2988.78122414716,17.3704242706299,74.832,9.687,4.721
2019,"Iran, Islamic Rep.",3831.27894763337,17.3763217926025,76.103,10.74,4.67239999771118
2018,"Iran, Islamic Rep.",4631.78709016514,16.8688163757324,76.195,12.195,4.548
2017,"Iran, Islamic Rep.",5753.11544659399,0.0,75.971,12.232,4.707
2016,"Iran, Islamic Rep.",5477.03712389913,18.1800003051758,75.6,12.618,4.692
2015,"Iran, Islamic Rep.",4952.73355532178,3.10728645324707,75.124,11.166,4.813
2023,Iraq,5565.12644647176,10.672939300537099,72.58098800992877,15.447,5.166
2022,Iraq,6504.12428393548,10.672939300537099,71.336,15.511,4.941
2021,Iraq,4868.49431080783,10.9389886856079,70.378,16.173,4.941
2020,Iraq,4295.18945121228,10.672939300537099,69.123,15.778,4.854
2019,Iraq,5671.8568632942,10.672939300537099,71.576,14.109,4.78480005264282
2018,Iraq,5646.68932074742,10.4068899154663,71.514,13.49,4.437
2017,Iraq,4759.2846435467,10.672939300537099,70.413,13.02,4.456
2016,Iraq,4334.42096404188,10.672939300537099,68.988,10.82,4.497
2015,Iraq,4440.14189252367,10.672939300537099,69.44,10.842,4.575
2023,Ireland,103887.800388081,35.06053733825685,72.58098800992877,4.288,6.838
2022,Ireland,106194.755859223,37.2724380493164,83.0560975609756,4.501,6.911
2021,Ireland,105561.137468992,37.7408866882324,82.3536585365854,6.364,7.041
2020,Ireland,87567.1148972037,36.9319190979004,82.5560975609756,5.623,7.085
2019,Ireland,82508.4659883582,35.1964340209961,82.7024390243903,4.95,7.09369993209839
2018,Ireland,81248.3135388,34.9246406555176,82.2048780487805,5.741,7.021
2017,Ireland,72499.3268743015,31.1599998474121,82.1560975609756,6.713,6.977
2016,Ireland,64292.659966313,31.5917129516602,81.6536585365854,8.374,6.977
2015,Ireland,64311.8234684057,31.0062866210938,81.4536585365854,9.908,6.907
2023,Israel,52642.4267486308,36.014701843261705,72.58098800992877,3.596,7.341
2022,Israel,54930.7261602593,38.054126739502,82.7,3.695,7.473
2021,Israel,52255.6159050999,37.2001266479492,82.5,4.812,7.364
2020,Israel,44679.7715799755,36.5067901611328,82.6487804878049,4.169,7.157
2019,Israel,44140.8289372511,36.2310218811035,82.8048780487805,3.731,7.12860012054443
2018,Israel,42233.2610344935,35.7983818054199,82.8024390243903,3.917,7.139
2017,Israel,40997.9110240274,34.8950538635254,82.5512195121951,4.14,7.19
2016,Israel,37556.6272863143,33.9819717407227,82.4073170731707,4.723,7.213
2015,Israel,36123.9907881129,33.2099990844727,82.0512195121951,5.176,7.267
2023,Italy,39003.3160954123,16.22273349761965,83.8,7.627,6.324
2022,Italy,35635.7442204098,16.4901714324951,82.9,8.069,6.405
2021,Italy,36852.5425414951,16.2955207824707,82.6463414634146,9.497,6.467
2020,Italy,32091.4866621366,16.5499992370605,82.1951219512195,9.164,6.483
2019,Italy,33812.788724868,16.4097290039062,83.4975609756098,9.951,6.38740015029907
2018,Italy,34746.3441392416,16.1499462127686,83.3463414634146,10.61,6.223
2017,Italy,32554.14668453,15.5496873855591,82.9463414634147,11.211,6.0
2016,Italy,31126.3246947273,14.6699409484863,83.2439024390244,11.688,5.964
2015,Italy,30387.1293187854,14.499436378479,82.5439024390244,11.896,5.977
2023,Jamaica,6839.72503886968,10.9498100280762,72.58098800992877,4.4,5.842
2022,Jamaica,6022.15341099999,10.9498100280762,70.629,4.083,5.703
2021,Jamaica,5165.33780988607,10.9498100280762,70.5,5.188,5.85
2020,Jamaica,4879.44024631319,10.9498100280762,71.869,6.501,6.309
2019,Jamaica,5607.24300668501,10.9498100280762,71.767,4.987,5.88980007171631
2018,Jamaica,5578.10346083169,10.9498100280762,71.793,5.47,5.89
2017,Jamaica,5259.31334136812,10.9498100280762,71.911,7.399,5.89
2016,Jamaica,5009.79450059092,10.9498100280762,72.02,8.634,5.311
2015,Jamaica,5062.89556466908,10.9498100280762,72.394,8.825,5.51
2023,Japan,33766.5268253808,25.5400009155273,72.58098800992877,2.6,6.06
2022,Japan,34017.2718075024,25.5400009155273,83.9963414634146,2.6,6.129
2021,Japan,40058.5373276179,25.5400009155273,84.4456097560976,2.828,6.039
2020,Japan,40040.7655055923,25.5400009155273,84.56,2.809,5.94
2019,Japan,40415.9567649547,25.5400009155273,84.3563414634146,2.351,5.87080001831055
2018,Japan,39751.1330982711,25.5400009155273,84.2109756097561,2.467,5.886
2017,Japan,38834.0529341227,25.5400009155273,84.099756097561,2.822,5.915
2016,Japan,39375.4731620781,25.5400009155273,83.9848780487805,3.132,5.92
2015,Japan,34960.6393843385,25.5400009155273,83.7939024390244,3.385,5.921
2023,Jordan,4455.50540514568,20.9268398284912,72.58098800992877,17.969,4.186
2022,Jordan,4332.25159897931,20.9268398284912,74.215,18.2,4.12
2021,Jordan,4183.49998326866,20.9268398284912,74.256,19.837,4.152
2020,Jordan,4022.0401356135,20.9268398284912,75.184,19.213,4.395
2019,Jordan,4170.1144003465,20.9268398284912,76.044,16.801,4.63339996337891
2018,Jordan,4145.43989673265,20.9268398284912,75.774,18.257,4.906
2017,Jordan,4065.61628749384,20.9268398284912,75.502,18.12,5.161
2016,Jordan,3986.71677010853,20.9268398284912,75.215,15.275,5.336
2015,Jordan,4042.75678097555,20.9268398284912,75.011,13.075,5.303
2023,Kazakhstan,12918.8661346014,34.0800018310547,72.58098800992877,4.821,6.188
2022,Kazakhstan,11255.3396437881,34.0800018310547,74.44,4.86,6.144
2021,Kazakhstan,9983.60103576902,34.0800018310547,70.23,5.546,6.234
2020,Kazakhstan,8781.50797787648,34.0800018310547,71.37,4.89,6.152
2019,Kazakhstan,9457.12614657136,37.6751594543457,73.18,4.8,6.05789995193481
2018,Kazakhstan,9472.48527327758,34.0800018310547,73.15,4.85,5.809
2017,Kazakhstan,8943.08416791984,34.0800018310547,72.95,4.9,5.79
2016,Kazakhstan,7475.56688689424,34.0800018310547,72.41,4.96,5.819
2015,Kazakhstan,10196.1226255982,27.8106708526611,71.97,4.93,5.919
2023,Kenya,1952.30457929636,5.24435567855835,72.58098800992877,5.567,4.47
2022,Kenya,2109.56288513137,6.09258985519409,62.055,5.707,4.487
2021,Kenya,2061.35622089594,5.67963123321533,61.427,5.693,4.543
2020,Kenya,1927.66459027849,3.74181008338928,62.675,5.619,4.607
2019,Kenya,1960.40808854893,4.80908012390137,62.943,5.014,4.58300018310547
2018,Kenya,1836.45275528993,5.24435567855835,62.676,4.284,4.509
2017,Kenya,1667.48447230835,5.24435567855835,62.481,3.541,4.41
2016,Kenya,1554.12610314423,5.24435567855835,62.163,2.757,4.553
2015,Kenya,1489.11959777284,5.24435567855835,61.892,2.762,4.356
2023,Kuwait,33729.7985494456,10.6700000762939,72.58098800992877,2.127,6.951
2021,Kuwait,34043.542153557,10.6700000762939,78.673,3.002,6.106
2020,Kuwait,25236.0755520534,10.6700000762939,76.92,3.557,6.106
2019,Kuwait,31707.8737464917,10.6700000762939,79.685,2.251,6.10209989547729
2018,Kuwait,32067.9623689512,11.1199998855591,79.722,2.204,6.021
2017,Kuwait,29047.6535822842,10.6700000762939,79.781,2.227,6.083
2016,Kuwait,27323.6890643847,10.6700000762939,79.701,2.16,6.105
2015,Kuwait,29882.2126867068,9.59000015258789,79.562,2.2,6.239
2023,Kyrgyz Republic,1970.15780961839,0.0,72.58098800992877,3.991,5.714
2022,Kyrgyz Republic,1739.72030814894,0.0,72.0487804878049,4.043,5.825
2021,Kyrgyz Republic,1349.99730650542,0.0,71.9,4.096,5.828
2020,Kyrgyz Republic,1229.51775742135,0.0,71.8,4.63,5.744
2019,Kyrgyz Republic,1421.99927504102,0.0,71.6,4.295,5.54150009155273
2018,Kyrgyz Republic,1283.52040333083,24.2648506164551,71.4,3.67,5.261
2017,Kyrgyz Republic,1221.39056490366,0.0,71.2,3.57,5.131
2016,Kyrgyz Republic,1103.27498361324,0.0,70.9512195121951,3.474,5.004
2015,Kyrgyz Republic,1105.65202996955,0.0,70.6512195121951,3.338,5.185
2023,Lao Pdr,2066.94979776957,5.1743083000183105,72.58098800992877,1.188,5.139
2022,Lao Pdr,2046.40440255621,5.19384670257568,68.999,1.209,5.111
2021,Lao Pdr,2526.05105018529,5.1743083000183105,68.061,2.066,5.14
2020,Lao Pdr,2583.77730696131,5.1743083000183105,68.497,2.361,5.03
2019,Lao Pdr,2589.32081035237,5.1743083000183105,68.138,2.537,4.88859987258911
2018,Lao Pdr,2545.1075420815,5.1743083000183105,67.634,2.9,4.796
2017,Lao Pdr,2432.43059478511,5.15476989746094,67.434,3.268,4.623
2015,Lao Pdr,2121.01339097363,5.1743083000183105,66.67,2.494,4.876
2023,Latvia,22502.8429938094,30.48500061035155,75.9,6.465,6.234
2022,Latvia,20229.4613617326,31.9501533508301,74.580487804878,6.815,6.213
2021,Latvia,20262.8433862451,31.4416408538818,72.9804878048781,7.513,6.18
2020,Latvia,17564.2321549354,32.7584533691406,75.1853658536585,8.098,6.032
2019,Latvia,17294.9751600969,30.9400005340576,75.3878048780488,6.312,5.94999980926514
2018,Latvia,17252.1710428626,30.0300006866455,74.7829268292683,7.412,5.94
2017,Latvia,15132.4958333982,29.2247142791748,74.6292682926829,8.715,5.933
2016,Latvia,13838.5266823272,29.1100006103516,74.580487804878,9.643,5.85
2015,Latvia,13321.9753140616,27.7000007629395,74.4804878048781,9.873,5.56
2023,Lebanon,3350.0,27.71092796325685,72.58098800992877,11.543,2.707
2022,Lebanon,3654.35845534878,27.71092796325685,74.416,11.6,2.392
2021,Lebanon,4045.37391066234,27.71092796325685,75.047,12.669,2.955
2020,Lebanon,5561.19166950397,27.71092796325685,77.804,13.284,4.584
2019,Lebanon,8905.88005497437,22.1418571472168,79.236,11.301,4.77150011062622
2018,Lebanon,9174.53666204759,33.2799987792969,79.729,10.745,5.197
2017,Lebanon,8608.21084982387,27.71092796325685,79.654,10.251,5.199
2016,Lebanon,8089.012088155,27.71092796325685,79.505,9.786,5.225
2015,Lebanon,7714.1099998804,27.71092796325685,79.229,9.306,5.129
2023,Lesotho,916.282979328622,4.774190068244935,72.58098800992877,16.457,3.186
2021,Lesotho,1066.58645143823,4.774190068244935,53.062,18.23,3.512
2020,Lesotho,918.582577421982,4.774190068244935,54.693,18.399,3.512
2019,Lesotho,1082.05706777516,5.61074018478394,54.173,16.876,3.6528000831604
2018,Lesotho,1170.65569702819,3.93763995170593,53.733,16.625,3.802
2017,Lesotho,1069.36673247542,4.774190068244935,53.064,16.401,3.808
2016,Lesotho,992.491840678465,4.774190068244935,52.264,16.17,3.808
2023,Liberia,771.887142089677,3.66464829444885,72.58098800992877,2.933,4.269
2022,Liberia,744.617175237387,3.66464829444885,61.1,2.977,4.042
2021,Liberia,667.96610514319,3.66464829444885,60.747,3.845,5.122
2020,Liberia,616.787867006715,3.66464829444885,60.948,4.109,4.625
2019,Liberia,658.164180770507,5.0644998550415,61.104,3.068,4.55789995193481
2018,Liberia,692.203127129794,3.66464829444885,60.853,3.056,3.975
2017,Liberia,699.269095727404,3.39418649673462,60.553,3.066,3.495
2016,Liberia,714.613063145659,3.66464829444885,60.416,3.081,3.533
2015,Liberia,692.590082351257,3.66464829444885,59.148,2.557,3.622
2023,Lithuania,27786.0057829276,36.6395225524902,77.3,6.841,6.818
2022,Lithuania,25085.784063499,41.4149131774902,75.7926829268293,5.955,6.763
2021,Lithuania,23934.728489916,40.1166534423828,74.0365853658537,7.112,6.446
2020,Lithuania,20541.824988603,38.0999984741211,74.9780487804878,8.487,6.255
2019,Lithuania,19727.7607453736,37.3273239135742,76.2829268292683,6.255,6.21549987792969
2018,Lithuania,19368.5391045353,35.9517211914062,75.6804878048781,6.147,6.149
2017,Lithuania,16884.7100319318,34.5400009155273,75.4804878048781,7.073,5.952
2016,Lithuania,14981.6208126311,33.939998626709,74.6707317073171,7.862,5.902
2015,Lithuania,14300.2553666736,33.0999984741211,74.3219512195122,9.12,5.813
2023,Luxembourg,128678.189942826,36.84756088256835,83.4,5.184,7.122
2022,Luxembourg,125006.021815486,42.3309173583984,83.0463414634146,4.588,7.228
2021,Luxembourg,133711.794435985,41.7206802368164,82.5975609756098,5.571,7.404
2020,Luxembourg,116905.370396853,38.1812858581543,82.1439024390244,6.766,7.324
2019,Luxembourg,112726.439672814,37.9993743896484,82.6390243902439,5.592,7.23750019073486
2018,Luxembourg,116786.511654677,35.6957473754883,82.2951219512195,5.589,7.09
2017,Luxembourg,110193.213797228,32.731559753418,82.0951219512195,5.523,6.91
2016,Luxembourg,106899.293549552,34.5298538208008,82.6853658536585,6.669,6.863
2015,Luxembourg,105462.012584423,30.5501194000244,82.2926829268293,6.796,6.871
2019,North Macedonia,6718.85826635458,17.53786277771,76.6024390243903,17.414,5.15980005264282
2023,Madagascar,506.159368687808,2.75999999046326,72.58098800992877,3.069,4.228
2022,Madagascar,497.242514792961,2.75999999046326,65.23,3.186,4.019
2021,Madagascar,490.206238571448,2.92739009857178,64.485,3.487,4.339
2020,Madagascar,450.771615201509,2.75999999046326,65.182,3.284,4.208
2019,Madagascar,499.818837622534,2.75999999046326,65.882,2.469,4.16559982299805
2018,Madagascar,500.45718552916,2.75999999046326,65.27,2.297,3.933
2017,Madagascar,491.866848718929,2.75999999046326,65.094,2.119,3.774
2016,Madagascar,453.970714522463,2.75999999046326,64.997,1.947,3.644
2015,Madagascar,445.320069480568,2.6768274307251,64.339,1.785,3.695
2023,Malawi,602.343619809252,1.32095003128052,72.58098800992877,5.033,3.421
2022,Malawi,604.269751184515,1.32095003128052,62.898,5.037,3.495
2021,Malawi,617.447520802454,1.32095003128052,62.904,5.662,3.75
2020,Malawi,602.507478176106,1.32095003128052,63.717,5.728,3.6
2019,Malawi,580.889816066776,1.32095003128052,64.119,4.966,3.53800010681152
2018,Malawi,533.203173686705,1.32095003128052,63.276,5.014,3.41
2017,Malawi,495.769683367165,0.872150123119354,62.977,5.039,3.587
2016,Malawi,450.506105510719,1.32095003128052,62.209,5.007,3.97
2015,Malawi,539.605363240686,1.37791001796722,61.378,4.954,4.156
2023,Malaysia,11379.0861000632,13.2122898101807,72.58098800992877,3.869,5.975
2022,Malaysia,11748.0919307944,14.5600004196167,76.26,3.93,6.012
2021,Malaysia,10903.1116425938,16.4668369293213,74.884,4.64,5.711
2020,Malaysia,9957.52626697613,14.0993814468384,75.938,4.54,5.384
2019,Malaysia,10920.191763972,12.3900003433228,75.76,3.26,5.38430023193359
2018,Malaysia,10901.8019954421,13.2122898101807,75.644,3.3,5.339
2017,Malaysia,9862.54806612235,13.0671644210815,75.476,3.41,6.322
2016,Malaysia,9476.53409809923,11.3100004196167,75.289,3.44,6.084
2015,Malaysia,9648.6797937523,13.2122898101807,75.094,3.1,6.005
2020,Maldives,7393.8886543933,10.9565267562866,79.875,5.434,5.198
2019,Maldives,11740.2724029785,10.9565267562866,80.116,4.562,5.1975998878479
2023,Mali,869.270234286992,2.65171003341675,72.58098800992877,2.956,4.232
2022,Mali,813.965034073188,3.81480407714844,59.417,2.387,4.198
2021,Mali,862.467400106111,2.65171003341675,58.941,3.966,4.479
2020,Mali,804.343956745857,1.55999994277954,58.633,3.528,4.723
2019,Mali,820.197390833912,3.09232997894287,59.664,3.29,4.72930002212524
2018,Mali,835.086710561793,3.12717008590698,59.393,1.62,4.39
2017,Mali,775.536492065709,1.63739514350891,59.132,1.494,4.447
2016,Mali,730.85493818079,1.54111206531525,58.731,1.367,4.19
2015,Mali,704.821646439506,2.65171003341675,58.363,1.401,4.073
2023,Malta,40395.7692064458,19.441086769104,72.58098800992877,3.11,6.346
2022,Malta,36142.2058531852,22.6174163818359,82.7,2.921,6.3
2021,Malta,38027.3801730893,22.5654582977295,82.5073170731707,3.394,6.447
2020,Malta,31796.8213417258,21.8400001525879,82.3487804878049,4.347,6.602
2019,Malta,32412.2697818499,20.4621734619141,82.8585365853659,3.616,6.77279996871948
2018,Malta,33332.1905601302,18.4200000762939,82.4487804878049,3.658,6.726
2017,Malta,30259.3952629768,16.7203636169434,82.3463414634146,4.002,6.627
2016,Malta,26409.6285858968,13.4899997711182,82.4536585365854,4.687,6.527
2015,Malta,25481.8977555627,13.2799997329712,81.8975609756097,5.389,6.488
2023,Mauritania,2120.82320358953,4.71308898925781,72.58098800992877,10.446,4.505
2022,Mauritania,1960.35240077424,4.71308898925781,64.691,10.531,4.724
2021,Mauritania,1947.78918383313,4.71308898925781,64.364,11.144,4.153
2020,Mauritania,1795.76459566714,4.71308898925781,64.532,11.054,4.227
2019,Mauritania,1767.072710621,2.92197418212891,65.687,10.416,4.37459993362427
2018,Mauritania,1722.93528854073,4.71308898925781,65.31,10.407,4.49
2017,Mauritania,1615.00401327323,4.71308898925781,65.083,10.336,4.356
2016,Mauritania,1565.76575722696,4.71308898925781,64.768,10.283,4.292
2015,Mauritania,1554.94897871782,5.16966009140015,64.485,10.108,4.201
2023,Mauritius,11613.0441587588,8.40093040466309,72.58098800992877,5.571,5.816
2022,Mauritius,10239.7970461095,8.40093040466309,73.5146341463415,6.322,5.902
2021,Mauritius,9068.97300226707,0.0,73.680243902439,7.719,6.071
2020,Mauritius,9011.04288445023,11.9311513900757,74.1770731707317,8.626,6.049
2019,Mauritius,11403.2527870674,9.4877872467041,74.2358536585366,6.331,6.10129976272583
2018,Mauritius,11643.4605962124,9.33039283752441,74.4163414634146,6.426,5.888
2017,Mauritius,10841.6847754844,8.26654052734375,74.5146341463415,6.752,5.891
2016,Mauritius,9965.72531085228,7.71900320053101,74.3948780487805,6.814,5.629
2015,Mauritius,9507.87133656424,8.40093040466309,74.3531707317073,7.41,5.648
2023,Mexico,13790.0243428344,15.3699998855591,75.3,2.765,6.678
2022,Mexico,11385.4070757929,15.3699998855591,74.832,3.256,6.33
2021,Mexico,10314.0506741437,15.3699998855591,70.213,4.019,6.128
2020,Mexico,8841.27075003163,17.1299991607666,70.133,4.44,6.317
2019,Mexico,10369.5553568761,15.3699998855591,74.202,3.477,6.46500015258789
2018,Mexico,10084.7937562021,16.0200004577637,74.015,3.275,6.595
2017,Mexico,9649.27816772402,15.3699998855591,74.138,3.419,6.488
2016,Mexico,9097.92397674769,14.710000038147,74.412,3.853,6.578
2015,Mexico,10021.2386118827,14.7799997329712,74.682,4.311,6.778
2023,Mongolia,5838.63108083902,31.7103157043457,72.58098800992877,5.503,5.696
2022,Mongolia,4993.51487463495,31.6441268920898,72.667,6.211,5.84
2021,Mongolia,4517.61578018785,32.8566627502441,70.975,7.747,5.761
2020,Mongolia,4001.25193077703,32.5999984741211,72.141,6.594,5.677
2019,Mongolia,4347.54610314873,31.90478515625,71.822,9.269,5.45620012283325
2018,Mongolia,4107.64288528468,29.282169342041,71.199,5.377,5.285
2017,Mongolia,3645.96708669551,29.9934101104736,70.237,6.359,5.125
2016,Mongolia,3619.90026383792,29.1731624603271,69.865,7.235,4.955
2015,Mongolia,3838.92126989984,29.1100387573242,69.498,4.861,4.907
2023,Montenegro,12221.4775546967,19.6714334487915,72.58098800992877,14.621,5.707
2022,Montenegro,10093.4387007266,61.090518951416,76.1878048780488,14.851,5.722
2021,Montenegro,9465.96153027794,59.2587928771973,73.8243902439024,16.543,5.547
2020,Montenegro,7677.37132106817,19.5769786834717,75.9317073170732,17.878,5.581
2019,Montenegro,8909.6538759126,19.7658882141113,76.6829268292683,15.128,5.54610013961792
2018,Montenegro,8850.3749248372,21.4508209228516,76.8414634146342,15.19,5.523
2017,Montenegro,7803.35824465203,19.3194942474365,76.4853658536585,16.082,5.347
2016,Montenegro,7033.43962398373,19.2003726959229,76.4414634146341,17.732,5.237
2015,Montenegro,6517.19267514764,16.9737663269043,76.4487804878049,17.555,5.161
2023,Mozambique,622.985619320596,3.0377299785614,72.58098800992877,3.519,5.216
2022,Mozambique,578.251663751351,3.0377299785614,59.625,3.596,4.954
2021,Mozambique,509.907829475551,3.0377299785614,59.325,4.053,5.048
2020,Mozambique,462.433876479921,3.3199999332428,61.172,3.921,4.794
2019,Mozambique,519.09255091362,3.0377299785614,61.166,3.646,4.62360000610352
2018,Mozambique,517.507260258101,3.0377299785614,60.526,3.604,4.466
2017,Mozambique,470.93856305196,1.83000004291534,59.771,3.539,4.417
2016,Mozambique,441.489734819071,3.0377299785614,59.038,3.457,4.55
2023,Myanmar,1233.19666209269,8.387724161148075,72.58098800992877,3.032,4.354
2022,Myanmar,1158.05005034332,8.387724161148075,67.256,3.057,4.372
2021,Myanmar,1242.72134419599,8.387724161148075,65.672,4.34,4.394
2020,Myanmar,1490.21683548367,12.3559694290161,66.797,1.476,4.426
2019,Myanmar,1425.98954211903,9.35000038146973,66.61,0.407,4.30800008773804
2018,Myanmar,1298.21310320785,7.42544794082642,66.465,0.767,4.36
2017,Myanmar,1272.82241830603,6.76923608779907,65.843,1.356,4.308
2016,Myanmar,1229.19713515893,8.387724161148075,65.685,1.058,4.545
2015,Myanmar,1166.73305546288,8.387724161148075,65.561,0.766,4.395
2023,Namibia,4168.28521087347,9.27557563781738,72.58098800992877,19.365,4.832
2022,Namibia,4349.04532248966,9.27557563781738,58.059,19.695,4.631
2021,Namibia,4412.8355693052,9.27557563781738,59.269,20.922,4.459
2020,Namibia,3878.58982993966,9.27557563781738,62.829,21.004,4.574
2019,Namibia,4731.9210318831,9.27557563781738,63.075,19.921,4.57110023498535
2018,Namibia,5308.60813408705,9.27557563781738,62.586,19.877,4.639
2017,Namibia,5143.96072323076,9.27557563781738,62.293,21.733,4.441
2016,Namibia,4395.68776162376,9.27557563781738,61.682,23.352,4.574
2015,Namibia,4774.10650865775,9.27557563781738,60.7,20.808,4.574
2023,Nepal,1377.62603571292,5.81882381439209,72.58098800992877,10.628,5.158
2022,Nepal,1385.91066275016,5.81882381439209,70.484,10.844,5.36
2021,Nepal,1252.75076731986,5.81882381439209,68.45,12.186,5.377
2020,Nepal,1154.21517578318,5.81882381439209,69.246,12.975,5.269
2019,Nepal,1203.14294706401,5.81882381439209,69.558,10.389,5.13719987869263
2018,Nepal,1179.19843190389,5.81882381439209,68.979,10.559,4.913
2017,Nepal,1034.28374906846,5.81882381439209,68.91,10.66,4.88
2016,Nepal,877.256454696737,5.81882381439209,68.776,10.742,4.962
2015,Nepal,875.543635474862,5.81882381439209,67.456,10.644,4.793
2023,Netherlands,64572.0059558854,31.914825439453153,82.0,3.537,7.319
2022,Netherlands,59123.318556487,36.6276969909668,81.7146341463415,3.526,7.403
2021,Netherlands,60141.9880911492,35.5119667053223,81.309756097561,4.209,7.415
2020,Netherlands,53467.9277413737,34.7700004577637,81.3585365853659,3.82,7.464
2019,Netherlands,53554.9007491475,32.7396507263184,82.1121951219512,3.379,7.44890022277832
2018,Netherlands,53955.0770024266,31.0900001525879,81.8121951219512,3.832,7.488
2017,Netherlands,49513.6817346384,30.2854919433594,81.7609756097561,4.837,7.441
2016,Netherlands,46808.5291492503,29.4099998474121,81.5609756097561,6.007,7.377
2015,Netherlands,45793.8135434697,28.8700008392334,81.509756097561,6.872,7.339
2023,New Zealand,48280.8114166238,30.48663330078125,72.58098800992877,3.729,7.029
2022,New Zealand,48216.5095836302,30.48663330078125,82.7609756097561,3.297,7.123
2021,New Zealand,49624.1816729553,30.48663330078125,82.2073170731707,3.776,7.2
2020,New Zealand,41785.6922905898,32.2799987792969,82.2560975609756,4.595,7.277
2019,New Zealand,42747.2099299966,31.6728115081787,82.0560975609756,4.109,7.29960012435913
2018,New Zealand,43228.6976473771,31.2374534606934,81.7073170731707,4.335,7.307
2017,New Zealand,42913.186956185,29.7358131408691,81.8585365853659,4.736,7.324
2016,New Zealand,40070.8956577431,28.1000003814697,81.6585365853659,5.147,7.314
2015,New Zealand,38639.3501941427,25.8600006103516,81.6124390243903,5.415,7.334
2023,Nicaragua,2612.87066241288,20.2939605712891,72.58098800992877,4.716,6.284
2022,Nicaragua,2325.16737851871,20.2939605712891,74.615,4.961,6.259
2021,Nicaragua,2128.60980633198,20.2939605712891,73.837,6.118,6.165
2020,Nicaragua,1931.61515811642,20.2939605712891,71.795,6.201,5.972
2019,Nicaragua,1958.62132892996,20.2939605712891,74.054,5.472,6.13710021972656
2018,Nicaragua,2035.16750115975,20.2939605712891,73.85,5.2,6.105
2017,Nicaragua,2182.61875100395,20.2939605712891,73.554,3.3,6.141
2016,Nicaragua,2131.68828465802,20.2939605712891,73.256,3.9,6.071
2015,Nicaragua,2074.45446460028,20.2939605712891,72.983,4.7,5.992
2023,Niger,642.937917863471,1.11769026517868,72.58098800992877,0.425,4.556
2022,Niger,609.745147574878,1.14498543739319,62.08,0.418,4.501
2021,Niger,608.722439593808,1.11769026517868,61.576,0.78,5.003
2020,Niger,579.512495758236,1.11769026517868,61.451,0.594,5.074
2019,Niger,561.691304349698,1.09039509296417,62.897,0.531,4.90959978103638
2018,Niger,578.568035680892,0.941160023212433,62.454,0.535,4.628
2017,Niger,521.804130023434,1.16503775119781,62.16,0.554,4.166
2016,Niger,502.706475406446,1.11769026517868,61.629,0.548,4.028
2015,Niger,485.662574175279,1.11769026517868,61.083,0.553,3.856
2023,Nigeria,1596.63696129001,6.57126998901367,72.58098800992877,3.074,4.881
2022,Nigeria,2139.37478476974,3.47727274894714,53.633,3.821,4.981
2021,Nigeria,2017.27486481527,10.9653997421265,52.676,5.45,4.552
2020,Nigeria,2019.65706326224,6.57126998901367,52.887,5.742,4.759
2019,Nigeria,2265.15520863056,6.57126998901367,52.91,5.206,4.72410011291504
2018,Nigeria,2057.87944554011,8.14807987213135,52.554,5.067,5.265
2017,Nigeria,1876.34027111773,6.57126998901367,52.305,4.828,5.155
2016,Nigeria,2070.4127339595,5.93782997131348,52.043,4.499,5.074
2015,Nigeria,2585.73360671797,6.57126998901367,51.841,4.135,4.875
2021,Cyprus,33734.29296875,31.7849750518799,81.203,7.513,5.467
2020,Cyprus,28649.015625,29.7999992370605,81.391,7.755,5.536
2019,Cyprus,29703.052734375,28.8715553283691,81.397,7.155,5.53550004959106
2018,Cyprus,29599.986328125,28.5599994659424,81.382,8.504,5.718
2017,Cyprus,26696.990234375,27.1771392822266,81.328,11.155,5.835
2016,Cyprus,24715.154296875,26.6200008392334,81.056,13.006,5.81
2015,Cyprus,23487.228515625,25.5499992370605,80.966,15.026,5.771
2023,North Macedonia,8624.29360948531,21.0402164459229,75.51365853658541,13.174,5.369
2022,North Macedonia,7606.2375253797,19.8216209411621,74.4248780487805,14.476,5.254
2021,North Macedonia,7620.80296977508,19.3952503204346,73.2463414634146,15.801,5.199
2020,North Macedonia,6659.59651070776,21.6800003051758,74.3951219512195,16.575,5.101
2018,North Macedonia,6713.98925398989,21.1261196136475,76.6487804878049,21.208,5.274
2017,North Macedonia,5955.2973863451,17.2211837768555,75.9536585365854,22.857,5.185
2016,North Macedonia,5598.48622617967,17.0363025665283,75.4,24.312,5.175
2015,North Macedonia,5262.68671928674,15.2407369613647,75.4024390243902,26.395,5.121
2023,Norway,87925.0944188399,29.66277694702145,72.58098800992877,3.572,7.302
2022,Norway,108798.451165901,31.1733207702637,82.5609756097561,3.231,7.315
2021,Norway,93072.8925119571,30.4537925720215,83.1634146341463,4.359,7.365
2020,Norway,68340.0181033702,32.1195335388184,83.209756097561,4.424,7.392
2019,Norway,76430.5889473338,29.2900009155273,82.9585365853659,3.684,7.48799991607666
2018,Norway,82792.8427113304,30.0355529785156,82.7585365853659,3.801,7.554
2017,Norway,76131.8384032764,28.0699996948242,82.609756097561,4.164,7.594
2016,Norway,70867.3609970749,27.3299999237061,82.4073170731707,4.68,7.537
2015,Norway,74809.9658049898,26.6499996185303,82.3048780487805,4.296,7.498
2023,Pakistan,1365.27743222493,8.345323085784916,72.58098800992877,5.408,4.657
2022,Pakistan,1538.3228133171,8.345323085784916,66.431,5.485,4.555
2021,Pakistan,1455.31922370186,8.62528419494629,66.098,6.338,4.516
2020,Pakistan,1278.39735206896,8.345323085784916,66.269,6.127,4.934
2019,Pakistan,1390.41690981745,4.15000009536743,66.756,4.83,5.69329977035522
2018,Pakistan,1569.33814626355,3.17000007629395,66.482,4.083,5.653
2017,Pakistan,1519.23459514248,8.64999961853027,66.297,3.215,5.472
2016,Pakistan,1424.69161195897,16.1812782287598,65.88,2.285,5.269
2015,Pakistan,1380.47020838317,8.06536197662354,65.697,3.566,5.132
2023,Panama,18686.4050961265,16.1276836395264,72.58098800992877,6.544,6.358
2022,Panama,17332.4360742988,16.2066173553467,76.826,8.086,6.265
2021,Panama,15509.8069109784,16.2066173553467,76.223,10.177,6.309
2020,Panama,13290.5608347594,16.2066173553467,76.657,14.663,6.18
2019,Panama,16477.9066285687,19.6299991607666,77.81,6.256,6.30480003356934
2018,Panama,16151.3273478476,16.2066173553467,77.863,5.161,6.321
2017,Panama,15694.6297454295,16.2066173553467,77.795,5.338,6.43
2016,Panama,14832.3611608191,16.2066173553467,77.653,4.717,6.452
2015,Panama,14082.6548502728,16.2066173553467,77.468,4.335,6.701
2023,Paraguay,6276.35113919957,13.0200004577637,72.58098800992877,5.794,5.977
2022,Paraguay,6205.62595379319,13.0200004577637,70.475,6.755,5.738
2021,Paraguay,5976.9317978996,13.0200004577637,70.262,7.311,5.578
2020,Paraguay,5365.47220721191,14.1899995803833,73.182,7.548,5.653
2019,Paraguay,5821.18199548637,13.9899997711182,73.621,6.595,5.69210004806519
2018,Paraguay,6258.44991640954,13.0200004577637,73.568,6.217,5.743
2017,Paraguay,6152.26711537703,13.0200004577637,73.644,6.138,5.681
2016,Paraguay,5775.1596339946,12.3500003814697,73.534,5.255,5.493
2015,Paraguay,5879.33792308671,12.8000001907349,73.191,4.556,5.538
2023,Philippines,3804.8725797521,20.3400001525879,72.58098800992877,2.222,6.048
2022,Philippines,3548.06930572116,18.075719833374,72.187,2.598,5.523
2021,Philippines,3484.38593882819,21.7091598510742,69.266,3.398,5.904
2020,Philippines,3227.57910235199,20.3400001525879,72.119,2.522,5.88
2019,Philippines,3400.78949772302,24.4099998474121,71.865,2.237,6.00600004196167
2018,Philippines,3168.51036606257,20.3400001525879,71.689,2.338,5.631
2017,Philippines,3038.12124955619,16.0200004577637,71.516,2.552,5.524
2016,Philippines,2985.19564020101,20.3400001525879,71.387,2.695,5.43
2015,Philippines,2909.85818014474,20.3400001525879,71.268,3.068,5.279
2023,Poland,22056.6661704127,26.8674535751343,78.6,2.743,6.442
2022,Poland,18891.2121169279,28.645357131958,77.3048780487805,2.811,6.26
2021,Poland,18635.5104895754,28.2374706268311,75.5024390243902,3.268,6.123
2020,Poland,15987.5753654045,28.0100002288818,76.5,3.155,6.166
2019,Poland,15874.5220531254,27.2586536407471,77.9048780487805,3.267,6.1862998008728
2018,Poland,15658.2120316794,26.4762535095215,77.6024390243903,3.835,6.182
2017,Poland,13913.3402919927,25.8786201477051,77.7536585365854,4.867,6.123
2016,Poland,12464.0110508476,24.9500007629395,77.8512195121951,6.141,5.973
2015,Poland,12637.5220324406,24.2688179016113,77.4512195121951,7.475,5.835
2023,Portugal,27331.2094945255,23.9583301544189,82.4,6.509,6.03
2022,Portugal,24620.519556875,25.3610610961914,81.5804878048781,6.011,5.968
2021,Portugal,24711.4510062111,25.0265216827393,81.3780487804878,6.577,6.016
2020,Portugal,22299.4044062173,22.5100002288818,80.9756097560976,6.801,5.929
2019,Portugal,23343.3628970034,20.7199993133545,81.6756097560976,6.464,5.9109001159668
2018,Portugal,23541.1401075289,18.6499996185303,81.3243902439024,6.994,5.693
2017,Portugal,21442.3842768879,19.25,81.4243902439025,8.869,5.41
2016,Portugal,19980.2808866516,19.0,81.1243902439025,11.068,5.195
2015,Portugal,19215.7813014347,18.1800003051758,81.1243902439025,12.447,5.123
2015,Puerto Rico,29763.4883013861,14.35043001174925,79.695,12.0,7.039
2018,Qatar,71039.8490579352,19.974573135376,80.898,0.11,6.374
2017,Qatar,63279.8556949332,19.0300006866455,80.717,0.14,6.374
2016,Qatar,61253.6375482797,18.8799991607666,80.433,0.15,6.375
2015,Qatar,68985.2946961507,17.8108100891113,80.064,0.17,6.375
2023,"Korea, Rep.",33121.3712885508,35.6374397277832,72.58098800992877,2.675,6.058
2022,"Korea, Rep.",32394.6833725203,34.5359725952148,82.6804878048781,2.857,5.951
2021,"Korea, Rep.",35125.5224984723,34.2422485351562,83.5268292682927,3.639,5.935
2020,"Korea, Rep.",31721.2989141857,33.8704376220703,83.4268292682927,3.931,5.845
2019,"Korea, Rep.",31902.4169048194,33.6001853942871,83.2268292682927,3.746,5.87239980697632
2018,"Korea, Rep.",33447.1562836166,33.0220794677734,82.6268292682927,3.824,5.895
2017,"Korea, Rep.",31600.7358741365,32.154483795166,82.6268292682927,3.653,5.875
2016,"Korea, Rep.",29280.4403170048,31.7693634033203,82.2756097560976,3.65,5.838
2015,"Korea, Rep.",28737.4391706499,28.6800003051758,82.0243902439024,3.546,5.835
2023,Moldova,6729.41286813969,20.9641456604004,72.58098800992877,1.555,5.816
2022,Moldova,5738.42473515618,20.3899993896484,68.621,0.897,5.819
2021,Moldova,5274.60582195352,20.4300003051758,68.846,0.785,5.857
2020,Moldova,4375.7788930524,20.1900005340576,70.166,1.186,5.766
2019,Moldova,4405.33418162155,20.0499992370605,70.935,1.466,5.60750007629395
2018,Moldova,4156.44981956646,20.1200008392334,70.492,1.196,5.529
2017,Moldova,3453.26727720294,18.9358177185059,70.516,1.586,5.64
2016,Moldova,2847.08794770479,18.8268280029297,69.917,1.557,5.838
2015,Moldova,2749.55137054338,19.3700008392334,69.24,1.742,5.897
2023,Romania,18404.2730871704,14.4367780685425,76.6,5.589,6.491
2022,Romania,15557.8826247584,15.2834615707397,75.3048780487805,5.614,6.589
2021,Romania,14986.7854904274,13.9771289825439,72.809756097561,5.59,6.477
2020,Romania,13082.3006559554,15.137565612793,74.2536585365854,5.035,6.14
2019,Romania,12992.0326104674,14.786021232605,75.6073170731707,3.912,6.12370014190674
2018,Romania,12502.2624061935,14.5098524093628,75.3585365853659,4.187,6.07
2017,Romania,10727.9822007426,14.3637037277222,75.209756097561,4.927,5.945
2016,Romania,9404.54005870715,14.2660112380981,75.209756097561,5.901,5.825
2015,Romania,8977.01748158196,14.0779943466187,74.9121951219512,6.812,5.528
2023,Russian Federation,13817.0458984375,41.2200012207031,72.58098800992877,3.076,5.785
2022,Russian Federation,15445.2421875,41.2200012207031,72.5456097560976,3.867,5.661
2021,Russian Federation,12521.5224609375,41.2200012207031,69.900243902439,4.749,5.459
2020,Russian Federation,10108.3271484375,41.2200012207031,71.3387804878049,5.62,5.477
2019,Russian Federation,11447.701171875,41.2200012207031,73.0839024390244,4.513,5.5460000038147
2018,Russian Federation,11211.8876953125,41.2200012207031,72.6621951219512,4.871,5.648
2017,Russian Federation,10658.9130859375,41.2200012207031,72.4514634146342,5.238,5.81
2016,Russian Federation,8663.158203125,41.2200012207031,71.6512195121951,5.591,5.963
2015,Russian Federation,9277.7138671875,41.2200012207031,71.1834146341463,5.615,5.856
2021,Rwanda,828.833032800998,5.86872100830078,66.072,15.775,3.268
2020,Rwanda,778.701538550324,3.30790996551514,66.774,11.829,3.415
2019,Rwanda,810.051420243718,6.01935720443726,66.437,11.236,3.31229996681213
2018,Rwanda,771.773521962568,4.13000011444092,66.251,10.759,3.334
2017,Rwanda,758.301002985965,5.61589050292969,65.941,11.875,3.408
2016,Rwanda,729.519154199595,4.8729453086853045,65.737,11.801,3.471
2015,Rwanda,733.998585018273,2.20666003227234,65.298,11.838,3.515
2023,Saudi Arabia,32093.9622984711,30.8887481689453,72.58098800992877,4.008,6.594
2022,Saudi Arabia,34454.1957708412,31.3336486816406,77.905,5.589,6.463
2021,Saudi Arabia,28396.0864182336,31.1062126159668,76.936,6.621,6.523
2020,Saudi Arabia,23271.4037647084,31.0499992370605,76.239,7.66,6.494
2019,Saudi Arabia,27892.8421521179,31.0499992370605,77.304,5.636,6.4064998626709
2018,Saudi Arabia,28036.0264674095,31.0499992370605,77.212,6.029,6.375
2017,Saudi Arabia,23081.2045336558,25.9799995422363,77.16,5.89,6.371
2016,Saudi Arabia,21515.6600083775,31.0499992370605,77.064,5.6,6.344
2015,Saudi Arabia,22453.571552265,31.0499992370605,76.918,5.6,6.379
2023,Senegal,1706.44218024762,3.3933050632476798,72.58098800992877,2.8,4.969
2022,Senegal,1564.74522071584,4.90400886535645,67.913,2.837,4.855
2021,Senegal,1598.10676952274,3.3933050632476798,67.093,3.44,5.046
2020,Senegal,1461.08720350553,3.3933050632476798,68.006,3.437,5.132
2019,Senegal,1431.18128932159,3.64053988456726,68.526,2.863,4.98080015182495
2018,Senegal,1452.55612562445,3.16594004631042,68.097,3.455,4.681
2017,Senegal,1356.80518449031,2.75999999046326,67.75,4.078,4.631
2016,Senegal,1266.43957151587,3.62067008018494,67.497,4.455,4.535
2015,Senegal,1218.00613555438,2.51695990562439,66.879,6.757,4.219
2023,Serbia,12281.5058488303,18.6692008972168,72.58098800992877,8.268,6.411
2022,Serbia,10022.9688543402,17.0843830108643,75.4821951219512,8.439,6.144
2021,Serbia,9680.52798074468,16.9075469970703,72.780487804878,9.843,6.178
2020,Serbia,8098.70955668849,16.2851524353027,74.4780487804878,9.011,6.078
2019,Serbia,7755.632986437,15.5200004577637,75.9365853658537,10.395,5.77820014953613
2018,Serbia,7559.86165747394,15.4879369735718,75.890243902439,12.733,5.603
2017,Serbia,6548.03653824187,14.8999996185303,75.5390243902439,13.477,5.398
2016,Serbia,5982.37030126471,14.5100002288818,75.6878048780488,15.257,5.395
2015,Serbia,5820.3215576888,13.5799999237061,75.2878048780488,17.66,5.177
2023,Sierra Leone,757.85833603088,1.95823001861572,72.58098800992877,3.153,3.245
2022,Sierra Leone,860.130884035452,1.95823001861572,60.411,3.175,3.138
2021,Sierra Leone,885.184270659578,1.95823001861572,60.062,3.556,3.574
2020,Sierra Leone,845.313836261458,1.95823001861572,59.763,3.508,3.849
2019,Sierra Leone,843.71251730417,1.95823001861572,60.255,3.203,3.92639994621277
2018,Sierra Leone,845.914540460932,1.90912628173828,59.796,3.192,4.374
2017,Sierra Leone,788.486867334833,2.14157009124756,58.652,3.834,4.571
2016,Sierra Leone,838.631615328371,1.95823001861572,58.404,4.294,4.709
2015,Sierra Leone,945.148168480629,1.95823001861572,57.189,4.606,4.635
2023,Singapore,84734.2559206054,31.984999656677253,72.58098800992877,3.444,6.523
2022,Singapore,88428.7024226232,36.189998626709,82.8951219512195,3.591,6.587
2021,Singapore,79601.4129622433,36.060001373291,83.0926829268293,4.64,6.48
2020,Singapore,61466.803676358,32.9799995422363,83.5439024390244,4.1,6.377
2019,Singapore,66081.7199235165,32.3699989318848,83.5951219512195,3.1,6.37709999084473
2018,Singapore,66840.6373389791,31.6000003814697,83.2975609756098,3.613,6.262
2017,Singapore,61162.0973932771,30.7099990844727,83.0951219512195,4.2,6.343
2016,Singapore,56899.9181805173,29.1299991607666,82.8463414634146,4.08,6.572
2015,Singapore,55645.6068614606,28.2099990844727,82.7439024390244,3.79,6.739
2023,Slovak Republic,24491.3771867262,22.375,78.1,5.84,6.257
2022,Slovak Republic,21342.7666714692,25.8375110626221,77.0658536585366,6.143,6.469
2021,Slovak Republic,22138.1949833348,24.5144329071045,74.6146341463415,6.894,6.391
2020,Slovak Republic,19735.4858280801,23.6204929351807,76.8658536585366,6.719,6.331
2019,Slovak Republic,19406.0589683582,22.8600006103516,77.6658536585366,5.761,6.28060007095337
2018,Slovak Republic,19573.3717031314,21.8899993896484,77.2658536585366,6.544,6.198
2017,Slovak Republic,17645.5298716761,20.6800003051758,77.1658536585366,8.142,6.173
2016,Slovak Republic,16636.0769133073,19.6399993896484,77.1658536585366,9.679,6.098
2015,Slovak Republic,16442.0760860018,18.9200000762939,76.5634146341463,11.492,6.078
2023,Slovenia,32610.110922729,21.0950002670288,82.0,3.652,6.743
2022,Slovenia,28373.8382265999,26.0893592834473,81.2829268292683,4.011,6.65
2021,Slovenia,29187.369382785,26.5943374633789,80.6756097560976,4.744,6.63
2020,Slovenia,25392.0651093612,23.6385955810547,80.5317073170732,4.971,6.461
2019,Slovenia,25814.1687167572,21.5100002288818,81.5292682926829,4.446,6.36339998245239
2018,Slovenia,25888.0481065655,20.6114616394043,81.3780487804878,5.108,6.118
2017,Slovenia,23303.077705959,20.6800003051758,81.0292682926829,6.564,5.948
2016,Slovenia,21447.8377796036,19.6399993896484,81.1756097560976,8.0,5.758
2015,Slovenia,20697.2748530619,18.8099994659424,80.7756097560976,8.962,5.768
2018,Somalia,509.525802439801,14.35043001174925,56.375,18.738,4.668
2017,Somalia,510.939952988052,14.35043001174925,55.654,18.523,4.982
2016,Somalia,460.928491979039,14.35043001174925,55.044,18.578,5.151
2015,Somalia,445.583078625015,14.35043001174925,54.857,18.597,5.44
2023,South Africa,6022.5425418935,12.2000169754028,72.58098800992877,32.098,5.422
2022,South Africa,6523.41097815853,11.4343910217285,61.48,33.268,5.275
2021,South Africa,6843.39941886204,12.960000038147,62.341,34.007,5.194
2020,South Africa,5580.60383075189,7.68192005157471,65.252,29.217,4.956
2019,South Africa,6533.71121032856,8.02000045776367,66.175,28.468,4.81409978866577
2018,South Africa,6914.1780318076,11.1089563369751,65.674,26.906,4.722
2017,South Africa,6618.33508255701,8.25,65.402,27.035,4.724
2016,South Africa,5651.20585165749,8.25026321411133,64.747,26.536,4.829
2015,South Africa,6112.27382485974,6.07000017166138,63.95,25.149,4.459
2023,Spain,33509.0127982139,22.480136871337898,84.0,12.179,6.421
2022,Spain,30287.3657583614,24.706615447998,83.0829268292683,12.917,6.436
2021,Spain,30817.6828559001,24.6002025604248,83.2292682926829,14.781,6.476
2020,Spain,27230.3599933583,23.5799999237061,82.3317073170732,15.532,6.491
2019,Spain,29776.2011500384,23.0202732086182,83.8317073170732,14.104,6.40089988708496
2018,Spain,30592.1264795541,21.9400005340576,83.4317073170732,15.255,6.354
2017,Spain,28367.9392609439,21.4282608032227,83.2829268292683,17.224,6.31
2016,Spain,26740.6851818829,20.9400005340576,83.3292682926829,19.635,6.403
2015,Spain,25969.8383138327,20.4723052978516,82.8317073170732,22.057,6.361
2023,Sri Lanka,3827.96495637489,0.7515000700950625,72.58098800992877,5.997,3.898
2022,Sri Lanka,3342.71989646203,0.911603033542633,76.61,4.528,4.442
2021,Sri Lanka,3999.33764677637,0.75661712884903,76.399,4.981,4.362
2020,Sri Lanka,3846.17449566736,0.692696988582611,76.393,5.364,4.325
2019,Sri Lanka,4082.69404871533,0.746383011341095,76.008,4.67,4.3270001411438
2018,Sri Lanka,4360.58473469252,0.684106409549713,75.748,4.318,4.366
2017,Sri Lanka,4401.05567045499,0.665928065776825,75.403,4.046,4.471
2016,Sri Lanka,4149.76105454457,0.797130823135376,75.331,4.242,4.44
2015,Sri Lanka,4060.13139670248,0.851821422576904,74.927,4.519,4.415
2017,Sudan,966.505676269531,14.35043001174925,65.445,12.953,4.139
2016,Sudan,1033.21594238281,14.35043001174925,64.78,13.606,4.139
2015,Sudan,1292.37963867188,14.35043001174925,64.659,14.347,4.139
2015,Suriname,8813.61705392067,14.35043001174925,70.8,7.22,6.269
2020,Eswatini,3442.3216527415,16.370471477508552,59.692,32.944,4.308
2019,Eswatini,3894.32951592818,16.370471477508552,60.549,28.138,4.30810022354126
2018,Eswatini,3986.10557163026,16.370471477508552,59.411,26.369,4.212
2023,Sweden,55516.836477474,28.036853790283253,83.4,7.611,7.344
2022,Sweden,55296.9371472535,33.6940689086914,83.109756097561,7.392,7.395
2021,Sweden,61174.9680215622,32.6667137145996,83.0560975609756,8.722,7.384
2020,Sweden,52653.7565934247,32.5396308898926,82.3560975609756,8.291,7.363
2019,Sweden,51773.0464558993,25.0799999237061,83.109756097561,6.833,7.35349988937378
2018,Sweden,54181.9069780904,30.9937076568604,82.5585365853659,6.365,7.343
2017,Sweden,53300.8587281785,23.9400005340576,82.409756097561,6.718,7.314
2016,Sweden,51820.3972482676,23.4799995422363,82.3073170731707,6.99,7.284
2015,Sweden,51197.9529341175,23.0,82.2048780487805,7.432,7.291
2023,Switzerland,99564.710026145,41.2647743225098,84.2,4.043,7.06
2022,Switzerland,93245.7952120851,40.0153961181641,83.4536585365854,4.122,7.24
2021,Switzerland,93446.4344518943,40.1155204772949,83.7512195121951,5.013,7.512
2020,Switzerland,85897.7843338323,40.4104690551758,83.0,4.817,7.571
2019,Switzerland,84121.9310304414,39.5556106567383,83.9048780487805,4.394,7.55989980697632
2018,Switzerland,85217.3691512274,38.9846878051758,83.7536585365854,4.713,7.48
2017,Switzerland,82254.3769269767,37.8640937805176,83.5512195121951,4.797,7.487
2016,Switzerland,82153.0745447889,36.604320526123,83.6024390243903,4.918,7.494
2015,Switzerland,83806.4476003837,35.4598159790039,82.8975609756098,4.801,7.509
2023,Tajikistan,1160.81187026311,12.70873165130615,72.58098800992877,11.546,5.281
2022,Tajikistan,1052.17949484894,12.70873165130615,71.288,11.634,5.33
2021,Tajikistan,896.748053372182,12.70873165130615,71.594,12.333,5.377
2020,Tajikistan,834.311715460625,12.70873165130615,67.994,12.321,5.466
2019,Tajikistan,871.022372934846,12.70873165130615,70.867,11.419,5.55569982528687
2018,Tajikistan,834.288404578801,12.70873165130615,70.353,11.437,5.467
2017,Tajikistan,829.45714764957,12.0100002288818,69.905,11.487,5.352
2016,Tajikistan,788.710481734485,13.4074630737305,69.549,11.5,5.041
2015,Tajikistan,956.916310930656,12.70873165130615,69.306,11.485,4.996
2023,Tanzania,1224.48962402344,1.62560385465622,72.58098800992877,2.582,3.781
2022,Tanzania,1207.85302734375,2.31976008415222,66.782,2.588,3.694
2021,Tanzania,1159.85656738281,1.62560385465622,66.201,2.821,3.702
2020,Tanzania,1117.41528320313,1.57470774650574,66.408,2.781,3.623
2019,Tanzania,1063.32250976563,1.62560385465622,66.989,2.496,3.47620010375977
2018,Tanzania,1023.10626220703,1.41936004161835,66.535,2.393,3.231
2017,Tanzania,986.674011230469,1.62560385465622,65.999,2.303,3.303
2016,Tanzania,953.0107421875,1.62560385465622,65.386,2.23,3.349
2015,Tanzania,939.127319335938,1.6764999628067,64.651,2.159,3.666
2023,Thailand,7182.02525812415,15.2849998474121,72.58098800992877,0.733,5.976
2022,Thailand,6909.35997481451,17.3500003814697,79.68,0.94,5.843
2021,Thailand,7058.0694998852,15.2849998474121,78.715,1.215,5.891
2020,Thailand,6985.64393892574,15.2849998474121,79.274,1.099,5.985
2019,Thailand,7605.69657797759,15.6300001144409,78.975,0.716,5.9987998008728
2018,Thailand,7099.77650081458,14.9399995803833,78.662,0.765,6.008
2017,Thailand,6413.09182530343,15.2849998474121,78.394,0.83,6.072
2016,Thailand,5833.57715617098,14.8100004196167,78.049,0.688,6.424
2015,Thailand,5688.85335397884,15.2849998474121,77.717,0.597,6.474
2023,Togo,985.697512629974,4.73075020313263,72.58098800992877,1.948,4.214
2022,Togo,898.758154410712,5.88405132293701,61.588,1.965,4.137
2021,Togo,939.613373786407,4.73075020313263,61.619,2.333,4.112
2020,Togo,853.578220263722,4.73075020313263,61.035,2.225,4.107
2019,Togo,826.260654099894,3.80260682106018,60.901,2.036,4.18720006942749
2018,Togo,851.130806891807,4.73075020313263,60.244,2.898,4.085
2017,Togo,792.765487219069,3.10193991661072,60.154,3.744,3.999
2016,Togo,772.581787093976,4.73075020313263,59.55,2.968,3.495
2015,Togo,751.052405084336,5.65889358520508,59.396,2.204,3.303
2023,Tunisia,3977.69516639644,13.3981304168701,72.58098800992877,15.106,4.422
2022,Tunisia,3678.40023411347,12.8028297424316,74.263,15.3,4.497
2021,Tunisia,3885.28166485296,13.3981304168701,73.772,16.611,4.516
2020,Tunisia,3548.65363663803,13.3981304168701,75.292,17.656,4.596
2019,Tunisia,3528.87213306798,13.8788766860962,75.993,17.153,4.39219999313354
2018,Tunisia,3628.10366464236,13.3981304168701,75.95,15.459,4.461
2017,Tunisia,3619.03247319953,13.3981304168701,75.845,15.33,4.592
2016,Tunisia,3847.80354448809,13.3981304168701,75.786,15.557,4.805
2015,Tunisia,4014.94773686432,13.3981304168701,75.692,15.159,5.045
2023,Turkiye,13105.6585678319,12.828952789306651,72.58098800992877,9.388,4.975
2022,Turkiye,10674.504157865,20.9415740966797,78.475,10.465,4.614
2021,Turkiye,9743.21277804855,20.4976119995117,76.032,11.969,4.744
2020,Turkiye,8638.73903848102,14.2070665359497,75.85,13.148,4.948
2019,Turkiye,9215.44049888114,13.2090663909912,77.832,13.73,5.13180017471313
2018,Turkiye,9568.83506330228,12.4488391876221,77.563,10.956,5.373
2017,Turkiye,10695.550196231,12.0233488082886,77.141,10.919,5.483
2016,Turkiye,10970.0458948862,11.4939594268799,76.66,10.899,5.5
2015,Turkiye,11049.9951100942,10.5960102081299,76.646,10.304,5.389
2021,Turkmenistan,7051.20211079213,11.990874767303449,69.264,4.459,5.474
2020,Turkmenistan,6592.60146027748,11.990874767303449,68.687,4.501,5.066
2019,Turkmenistan,6648.0348960628,13.8386697769165,69.002,4.043,5.11910009384155
2018,Turkmenistan,6125.05169712085,11.990874767303449,68.796,4.044,5.247
2017,Turkmenistan,5828.4816623489,11.990874767303449,68.916,4.044,5.636
2016,Turkmenistan,5686.98040962764,11.990874767303449,68.777,4.031,5.822
2015,Turkmenistan,5759.497903834,10.1430797576904,68.782,4.016,5.658
2023,Uganda,1002.30913917142,3.589272022247315,72.58098800992877,2.787,4.372
2022,Uganda,963.067314117178,3.589272022247315,63.638,2.886,4.432
2021,Uganda,882.791717542504,4.43540859222412,62.705,3.422,4.603
2020,Uganda,845.766463890124,3.589272022247315,62.851,3.831,4.636
2019,Uganda,822.057058189153,4.25233602523804,62.991,3.06,4.43200016021729
2018,Uganda,792.16570022814,3.589272022247315,62.714,3.25,4.189
2017,Uganda,765.218332297361,2.92620801925659,62.115,3.428,4.161
2016,Uganda,752.696571725656,0.940330028533936,61.648,3.008,4.081
2015,Uganda,862.934610355811,3.589272022247315,61.086,2.679,3.739
2023,United Arab Emirates,49040.6947525825,46.9050006866455,72.58098800992877,2.151,6.733
2022,United Arab Emirates,49899.0652978649,51.0699996948242,79.196,2.872,6.571
2021,United Arab Emirates,43360.0211014806,47.1800003051758,78.71,3.105,6.576
2020,United Arab Emirates,37173.8754100281,46.9050006866455,78.946,4.294,6.561
2019,United Arab Emirates,44251.4541390148,46.6300010681152,79.726,2.331,6.79080009460449
2018,United Arab Emirates,45689.8570040215,47.2900009155273,79.627,2.236,6.825
2017,United Arab Emirates,42340.5917145576,46.560001373291,79.504,2.462,6.774
2016,United Arab Emirates,41326.4018161834,31.6900005340576,79.335,1.64,6.648
2015,United Arab Emirates,43534.9972681733,46.9050006866455,79.223,1.793,6.573
2023,United Kingdom,49463.8554617343,37.1295585632324,72.58098800992877,3.984,6.749
2022,United Kingdom,45935.9276473925,35.85205078125,82.0585365853659,3.73,6.796
2021,United Kingdom,46896.8662432834,39.5900001525879,80.7,4.826,6.943
2020,United Kingdom,40201.6812422928,37.2799987792969,80.3512195121951,4.472,7.064
2019,United Kingdom,42662.5353740311,29.0026969909668,81.4048780487805,3.613,7.16450023651123
2018,United Kingdom,43203.8141057739,27.8820743560791,81.2560975609756,4.12,7.054
2017,United Kingdom,40572.1214823783,33.9199981689453,81.2560975609756,4.452,6.814
2016,United Kingdom,40985.2351382417,26.1183948516846,81.1560975609756,4.867,6.714
2015,United Kingdom,44964.3911437292,25.1243190765381,80.9560975609756,5.517,6.725
2023,United States,82769.4122114216,38.5680274963379,72.58098800992877,3.638,6.725
2022,United States,78035.1753604212,37.6599998474121,77.4341463414634,3.65,6.894
2021,United States,71318.3073592183,35.0492286682129,76.3292682926829,5.349,6.977
2020,United States,64411.3731779373,37.5200004577637,76.9804878048781,8.055,6.951
2019,United States,65604.6815198734,36.0551528930664,78.7878048780488,3.669,6.93959999084473
2018,United States,63201.0458483771,34.9900016784668,78.6390243902439,3.896,6.892
2017,United States,60322.2614241747,32.0158805847168,78.5390243902439,4.355,6.886
2016,United States,58206.6141931844,33.439998626709,78.5390243902439,4.869,6.993
2015,United States,57040.2082136605,32.5,78.690243902439,5.28,7.104
2023,Uruguay,22797.8111731861,11.40500020980835,72.58098800992877,8.355,6.611
2022,Uruguay,20691.9738991763,22.0100002288818,78.0,7.877,6.494
2021,Uruguay,17888.211510172,11.40500020980835,75.436,9.328,6.474
2020,Uruguay,15789.6857422214,11.40500020980835,78.43,10.413,6.431
2019,Uruguay,18315.7352857194,11.8400001525879,77.508,8.836,6.44010019302368
2018,Uruguay,19249.9401532664,11.4700002670288,77.611,8.336,6.293
2017,Uruguay,19184.6626659717,11.3400001525879,77.625,7.89,6.379
2016,Uruguay,17009.7586944503,10.460000038147,77.571,7.841,6.454
2015,Uruguay,17125.9016800298,10.5,77.483,7.488,6.545
2023,Uzbekistan,2849.51461071911,16.375,72.58098800992877,4.46,6.195
2022,Uzbekistan,2578.66689394219,16.8500003814697,71.674,4.49,6.014
2021,Uzbekistan,2258.51964119278,16.4500007629395,70.862,5.364,6.063
2020,Uzbekistan,1978.28051860763,16.375,70.331,5.293,6.179
2019,Uzbekistan,2041.38480729431,16.4300003051758,71.344,4.932,6.25759983062744
2018,Uzbekistan,1813.08530813664,16.2999992370605,71.149,5.389,6.174
2017,Uzbekistan,2190.60411562888,16.375,71.01,5.83,6.096
2016,Uzbekistan,2753.37951427589,16.3199996948242,70.755,5.16,5.971
2015,Uzbekistan,2803.19018021751,15.8000001907349,70.475,5.15,5.987
2023,Viet Nam,4282.08851724506,11.2206144332886,72.58098800992877,1.645,6.043
2022,Viet Nam,4116.38576094153,11.5200004577637,74.58,1.523,5.763
2021,Viet Nam,3704.1935590038,10.2703876495361,73.618,2.385,5.485
2020,Viet Nam,3534.03953482647,10.3575077056885,75.378,2.103,5.411
2019,Viet Nam,3440.90025375434,10.25,74.093,1.681,5.35349988937378
2018,Viet Nam,3222.31003125366,10.3575077056885,73.976,1.161,5.175
2017,Viet Nam,2956.10992127753,10.3575077056885,73.963,1.874,5.103
2016,Viet Nam,2735.0604380416,10.3575077056885,73.938,1.848,5.074
2015,Viet Nam,2577.56885340113,10.3575077056885,73.876,1.848,5.061
2023,Zambia,1330.72780576709,2.29842913150787,72.58098800992877,5.905,3.502
2022,Zambia,1447.12310138035,2.71212387084961,61.803,5.995,3.982
2021,Zambia,1127.16077872857,2.3370246887207,61.223,5.199,3.76
2020,Zambia,951.644316655957,3.26121473312378,62.38,6.033,4.073
2019,Zambia,1258.98619844462,2.25983357429504,62.793,5.542,3.75939989089966
2018,Zambia,1463.89997855593,1.8147200345993,62.342,5.033,4.107
2017,Zambia,1483.46577328065,1.58607089519501,62.12,4.529,4.377
2016,Zambia,1239.08527877713,2.29842913150787,61.794,5.239,4.514
2015,Zambia,1295.87788680068,2.29842913150787,61.208,5.942,4.795
2023,Zimbabwe,2156.0340040333,3.25,72.58098800992877,8.759,3.341
2022,Zimbabwe,2040.55245910726,0.91387802362442,59.391,10.087,3.204
2021,Zimbabwe,1724.38773104902,0.959930837154388,59.253,9.54,2.995
2020,Zimbabwe,1730.41348946953,3.25,61.124,8.621,3.145
2019,Zimbabwe,1684.02790388182,5.70975017547607,61.292,7.373,3.2992000579834
2018,Zimbabwe,2271.8533351306,3.25,61.414,6.793,3.663
2017,Zimbabwe,3448.08253696926,3.25,60.709,6.344,3.692
2016,Zimbabwe,1407.41536437554,3.25,60.306,5.886,3.875
2015,Zimbabwe,1386.42284717709,6.95983982086182,59.591,5.377,4.193
