Country,Year,GDP_per_capita,Education_Attainment,Life_Expectancy,Unemployment_Rate,Happiness Score
afghanistan,2015,565.569730408751,,62.659,9.052,3.36
afghanistan,2016,522.082215583898,,63.136,10.133,3.794
afghanistan,2017,525.469770891619,5.26141691207886,63.016,11.184,3.632
afghanistan,2018,491.337221382603,,63.081,11.196,3.203
afghanistan,2019,496.6025042585,,63.565,11.185,2.56690001487732
afghanistan,2020,510.787063366811,4.32343006134033,62.575,11.71,2.523
afghanistan,2021,356.496214115892,3.0699999332428,61.982,11.994,2.404
afghanistan,2022,357.261152798144,3.98425006866455,62.879,14.1,1.859
afghanistan,2023,415.707417059086,,,13.991,1.721
albania,2015,3952.80357364813,14.8080072402954,78.644,17.193,4.655
albania,2016,4124.05538986272,14.3157796859741,78.86,15.418,4.644
albania,2017,4531.03220675893,16.1501998901367,79.047,13.616,4.586
albania,2018,5365.48934672897,16.4676494598389,79.184,12.304,4.719
albania,2019,5460.42823730592,17.3219871520996,79.282,11.466,4.88269996643066
albania,2020,5370.77862312929,,76.989,11.69,5.117
albania,2021,6413.28328605026,18.2029342651367,76.463,11.474,5.199
albania,2022,6846.42614266044,19.834644317627,76.833,10.137,5.277
albania,2023,8575.17113446213,,,10.108,5.304
algeria,2015,4685.05902729002,,75.622,11.206,6.355
algeria,2016,4424.98529027556,,75.732,10.202,5.872
algeria,2017,4554.66753957828,,75.743,12.0,5.295
algeria,2018,4577.21029180491,,76.066,12.137,5.211
algeria,2019,4468.45341883656,11.4359302520752,76.474,12.259,5.00509977340698
algeria,2020,3743.5419522929,,74.453,14.057,4.887
algeria,2021,4160.55926736925,,76.377,13.63,5.122
algeria,2022,4961.55257664733,,77.129,12.346,5.329
algeria,2023,5364.02795022731,,,11.701,5.364
angola,2015,3213.90261080059,1.99752998352051,60.655,16.49,3.866
angola,2016,1807.95294072643,,61.092,16.575,3.795
angola,2017,2437.25971190821,,61.68,16.61,3.795
armenia,2015,3512.39350276709,27.3099994659424,74.436,18.261,4.36
armenia,2016,3524.42476874707,24.1347694396973,74.664,17.617,4.376
armenia,2017,3869.05373867752,24.3799991607666,74.906,17.704,4.321
armenia,2018,4196.00562301769,24.2692451477051,75.064,18.966,4.559
armenia,2019,4597.22887399548,27.4885902404785,75.439,18.304,4.67679977416992
armenia,2020,4268.68093304583,24.2099990844727,72.173,18.175,5.283
armenia,2021,4685.17997128509,28.5798759460449,72.043,15.469,5.399
armenia,2022,6571.97445545099,28.2912654876709,73.372,13.379,5.342
armenia,2023,8053.01066312345,,,13.245,5.455
australia,2015,56739.0265346593,29.7800006866455,82.4,6.055,7.313
australia,2016,49888.0410842736,30.0300006866455,82.4487804878049,5.711,7.284
australia,2017,53901.7145392154,31.3899993896484,82.5,5.592,7.272
australia,2018,57196.4220783778,31.75,82.7487804878049,5.3,7.228
australia,2019,54972.7017885437,33.0900001525879,82.9,5.159,7.22279977798462
australia,2020,51791.540179984,35.0200004577637,83.2,6.456,7.183
australia,2021,60607.7788605166,35.9599990844727,83.3,5.116,7.162
australia,2022,64997.0136536475,36.8400001525879,83.2,3.728,7.095
australia,2023,64820.9117890026,35.764835357666,,3.668,7.057
austria,2015,43915.228020857,13.0799999237061,81.190243902439,5.802,7.119
austria,2016,45061.4993920192,13.460000038147,81.6414634146342,6.064,7.006
austria,2017,47163.7425775142,14.25,81.6439024390244,5.561,7.139
austria,2018,51194.0749841299,14.7956075668335,81.6926829268293,4.933,7.246
austria,2019,49885.9947355204,15.3599996566772,81.8951219512195,4.56,7.29419994354248
austria,2020,48716.4098900349,15.9696025848389,81.1926829268293,5.201,7.268
austria,2021,53648.7190742245,16.605094909668,81.190243902439,6.459,7.163
austria,2022,52176.6649141178,,81.0926829268293,4.992,7.097
austria,2023,56033.573792065,,81.6,5.264,6.905
azerbaijan,2015,5500.50364628486,15.6899995803833,71.451,4.96,5.291
azerbaijan,2016,3880.6852276838,15.7399997711182,72.004,5.0,5.234
azerbaijan,2017,4147.1981423222,15.7200002670288,72.248,5.0,5.201
azerbaijan,2018,4739.7943123408,15.7299995422363,72.76,4.9,5.208
azerbaijan,2019,4805.75371765917,15.7200002670288,73.102,5.0,5.16480016708374
azerbaijan,2020,4229.91064904503,,66.868,7.24,5.171
azerbaijan,2021,5408.04535175023,16.2499160766602,69.366,6.04,5.173
azerbaijan,2023,7125.90858368611,17.6700000762939,,5.636,4.893
bahrain,2015,23734.0551143019,,79.405,1.16,6.218
bahrain,2016,23800.001440631,14.2799997329712,79.557,1.192,6.087
bahrain,2017,24784.7693514607,14.3400001525879,79.689,1.194,6.105
bahrain,2018,26324.4066549559,21.6100006103516,79.857,1.2,6.199
bahrain,2019,27259.7438599327,,80.019,1.223,6.22730016708374
bahrain,2020,24342.8444554718,23.3299999237061,79.174,1.781,6.647
bahrain,2021,27147.8083882286,,78.76,1.541,6.647
bahrain,2022,30616.2610677495,29.7800006866455,79.246,1.326,6.173
bahrain,2023,29218.8605634137,29.5799999237061,,1.154,5.959
bangladesh,2015,1224.38647668165,8.23999977111816,70.491,4.396,4.643
bangladesh,2016,1649.28380858601,8.51000022888184,71.09,4.35,4.608
bangladesh,2017,1811.08221668646,8.97999954223633,71.788,4.372,4.5
bangladesh,2018,1965.24372731467,9.35999965667725,72.567,4.407,4.456
bangladesh,2019,2129.79896954606,9.76000022888184,72.806,4.441,4.83279991149902
bangladesh,2020,2248.85078828233,,71.968,5.436,5.025
bangladesh,2021,2482.84917843357,9.78999996185303,72.381,5.327,5.155
bangladesh,2022,2716.48592677835,7.57236766815186,73.698,4.593,4.282
bangladesh,2023,2551.01772674142,,,4.454,3.886
belarus,2015,5967.06856034227,,73.6243902439025,5.881,5.802
belarus,2016,5039.77560949445,,73.8268292682927,5.844,5.569
belarus,2017,5785.53397723676,,74.1292682926829,5.648,5.483
belarus,2018,6360.05310087258,,74.1756097560976,4.763,5.323
belarus,2019,6837.76832136779,28.2999992370605,74.2268292682927,4.165,5.5398998260498
belarus,2020,6542.8645398436,,72.4572195121951,4.049,5.534
belarus,2021,7489.71894713888,,72.3706829268293,3.9,5.821
belgium,2015,40893.804537772,31.7099990844727,80.9926829268293,8.482,6.929
belgium,2016,41854.5498296444,32.1699981689453,81.4390243902439,7.83,6.891
belgium,2017,44035.3239358548,34.689998626709,81.4926829268293,7.09,6.927
belgium,2018,47487.2100392561,35.2702827453613,81.5951219512195,5.941,6.923
belgium,2019,46716.6227467964,35.2999992370605,81.9951219512195,5.364,6.86350011825562
belgium,2020,45906.2875805246,36.6534843444824,80.6951219512195,5.545,6.834
belgium,2021,51655.7883303715,38.5315399169922,81.790243902439,6.248,6.805
belgium,2022,50807.2047084918,39.385196685791,81.6975609756098,5.57,6.859
belgium,2023,54700.9093236712,,82.5,5.528,6.894
belize,2015,6154.49593498217,2.56925010681152,73.187,7.578,5.956
belize,2016,6142.49873185177,,73.399,7.0,5.956
belize,2017,6072.58267640581,,73.562,6.596,5.956
benin,2015,1002.41886882564,,59.377,1.82,3.484
benin,2016,1010.53389609187,,59.539,1.784,3.657
benin,2017,1054.97408141687,2.53311991691589,59.856,1.659,4.141
benin,2018,1151.74096952152,0.0,60.14,1.41,4.883
benin,2019,1130.82135304977,3.54480004310608,60.454,1.214,5.21600008010864
benin,2020,1197.50136428063,,60.088,1.502,5.045
benin,2021,1318.83497843483,3.06135010719299,59.821,1.779,4.623
benin,2022,1264.70765976655,4.79155015945435,59.954,1.685,4.374
benin,2023,1394.37330217623,,,1.657,4.377
bhutan,2015,2954.04081973327,,70.343,2.45,5.196
bhutan,2016,3152.30905081592,,70.602,2.705,5.011
bhutan,2017,3435.28804814561,10.1999998092651,70.847,3.016,5.082
bhutan,2018,3400.20417159422,,71.129,3.35,5.082
bolivia,2015,2996.01289804214,22.3299999237061,67.318,3.111,5.822
bolivia,2016,3035.8734778704,13.4819030761719,67.628,3.498,5.823
bolivia,2017,3306.30301176558,14.1513919830322,67.701,3.655,5.752
bolivia,2018,3500.72642189371,14.3088550567627,67.748,3.519,5.779
bolivia,2019,3503.8960106182,24.7000007629395,67.841,3.682,5.74749994277954
bolivia,2020,3099.94219044572,26.8199996948242,64.467,7.903,5.716
bolivia,2021,3384.84486479247,16.2906856536865,63.63,5.089,5.6
bolivia,2022,3643.92826968677,16.893159866333,64.928,3.552,5.684
bolivia,2023,3686.27996490544,17.8769969940186,,3.024,5.784
bosnia and herzegovina,2015,4662.25883724069,7.55000019073486,76.182,27.695,5.163
bosnia and herzegovina,2016,4928.5665251728,8.38000011444092,76.808,25.408,5.182
bosnia and herzegovina,2017,5345.01985489192,7.18639755249023,76.935,20.527,5.129
bosnia and herzegovina,2018,6047.84584261133,7.75,77.093,18.4,5.386
bosnia and herzegovina,2019,6122.3753450882,6.99687480926514,77.241,15.692,5.67409992218018
bosnia and herzegovina,2020,6130.31133245161,10.5900001525879,76.225,15.868,5.813
bosnia and herzegovina,2021,7295.3438240957,11.7022619247437,75.3,14.897,5.768
bosnia and herzegovina,2022,7655.59421024383,12.289999961853,75.293,12.657,5.633
bosnia and herzegovina,2023,8638.66620201187,11.276029586792,,10.668,5.877
botswana,2015,6141.20394726616,,63.818,18.93,3.974
botswana,2016,6749.05994339013,,65.464,19.329,3.766
botswana,2017,7104.96401088027,,66.753,19.664,3.59
botswana,2018,7407.95940141786,,65.422,19.681,3.488
botswana,2019,7172.08956480028,8.1895227432251,65.464,20.094,3.47889995574951
botswana,2020,6323.31419156209,8.33574199676514,65.647,21.017,3.467
botswana,2021,7808.20623956293,8.84055423736572,61.141,23.106,3.471
botswana,2022,8329.04032229144,9.51717185974121,65.913,23.615,3.435
botswana,2023,7820.23240375076,9.64603805541992,,23.381,3.383
brazil,2015,8936.19661756825,,74.332,8.538,6.952
brazil,2016,8836.28652636996,15.3500003814697,74.442,11.58,6.635
brazil,2017,10080.5092817775,15.7299995422363,74.827,12.792,6.419
brazil,2018,9300.66164936497,16.5400009155273,75.109,12.329,6.3
brazil,2019,9029.83326742175,,75.338,11.936,6.37559986114502
brazil,2020,7074.19378281866,,74.009,13.697,6.33
brazil,2021,7972.53665048385,,72.75,13.158,6.293
brazil,2022,9281.33334441234,,73.425,9.231,6.125
brazil,2023,10294.866680778,,,7.947,6.272
bulgaria,2015,7078.86032298969,24.4699993133545,74.6146341463415,9.143,4.217
bulgaria,2016,7570.93165511708,24.6299991607666,74.8121951219512,7.575,4.714
bulgaria,2017,8381.88134621669,24.7099990844727,74.8146341463415,6.164,4.933
bulgaria,2018,9436.14479876055,25.113618850708,74.9634146341464,5.211,5.011
bulgaria,2019,9838.60058985384,25.1552085876465,75.1121951219512,4.23,5.10150003433228
bulgaria,2020,10198.5388313404,26.0499992370605,73.6585365853659,5.125,5.266
bulgaria,2021,12274.0775950496,26.2697563171387,71.4634146341463,5.267,5.371
bulgaria,2022,13644.201582807,26.3977317810059,74.3609756097561,4.268,5.466
bulgaria,2023,15885.5391311331,,75.8,4.319,5.463
burkina faso,2015,630.124750752312,,58.845,4.461,3.739
burkina faso,2016,663.742364842886,,59.326,4.587,4.032
burkina faso,2017,709.091535894695,,59.536,4.656,4.424
burkina faso,2018,777.465618514048,2.15000009536743,60.047,4.695,4.587
burkina faso,2019,764.853077774946,2.11959004402161,60.039,4.71,4.76870012283325
burkina faso,2020,825.237038782475,,59.731,5.04,4.834
burkina faso,2021,895.535288442991,2.40341997146606,59.27,5.2,4.67
burkina faso,2022,836.118304593682,1.9884124994278,59.766,5.389,4.638
burkina faso,2023,882.689810086163,2.29087615013123,,5.348,4.548
burundi,2015,280.966831311923,,60.217,1.442,2.905
burundi,2016,235.286205393908,,60.793,1.347,2.905
burundi,2017,236.694472592753,0.910000026226044,61.553,1.247,2.905
burundi,2018,224.89939239264,,61.688,1.146,3.775
burundi,2019,210.236494521532,,62.351,1.043,3.77530002593994
burundi,2020,210.008139902508,,61.566,1.03,3.775
cambodia,2015,1547.32010444393,5.04369831085205,69.873,0.393,3.907
cambodia,2016,1675.19555711109,6.24475765228271,70.224,0.716,4.168
cambodia,2017,1826.35391688754,4.92364501953125,70.515,0.141,4.433
cambodia,2018,2036.67377566578,,70.561,0.13,4.7
cambodia,2019,2225.87705485686,0.114589996635914,70.692,0.119,4.8484001159668
cambodia,2020,2081.73914242939,5.9446907043457,70.416,0.172,4.83
cambodia,2021,2167.40324198499,4.56162977218628,69.584,0.396,4.64
cambodia,2022,2325.03050040841,,69.896,0.231,4.393
cambodia,2023,2429.74853452838,,,0.225,4.341
cameroon,2015,1415.00009710569,,59.658,3.518,4.513
cameroon,2016,1441.7201725688,,60.233,3.528,4.695
cameroon,2017,1496.08951771242,,60.81,3.568,4.975
cameroon,2018,1610.69641591017,6.42238998413086,61.18,3.601,5.044
cameroon,2019,1555.22660476477,,61.584,3.622,5.08489990234375
cameroon,2020,1555.60370660749,,60.833,3.87,5.142
cameroon,2021,1672.32657340872,,60.333,3.973,5.048
cameroon,2022,1604.87726954895,,60.958,3.653,4.973
cameroon,2023,1736.86091073524,,,3.613,4.874
canada,2015,43594.1941045394,26.577808380127,81.8156097560976,6.945,7.404
canada,2016,42314.0615817218,25.75,81.9248780487805,7.038,7.316
canada,2017,45129.628116623,27.9425659179688,81.8329268292683,6.426,7.328
canada,2018,46539.1761570405,28.5200099945068,81.8439024390244,5.837,7.278
canada,2019,46352.8693445211,29.7712154388428,82.2239024390244,5.69,7.23210000991821
canada,2020,43537.839298904,30.970832824707,81.6604878048781,9.657,7.103
canada,2021,52496.8441693242,29.3299999237061,81.5870731707317,7.527,7.025
canada,2022,55509.393176404,32.3500862121582,81.2956097560976,5.279,6.961
canada,2023,53431.1857063879,32.88818359375,,5.415,6.9
central african republic,2016,387.176203444318,,53.46,5.491,2.693
central african republic,2017,432.324025684263,,53.721,5.534,3.083
central african republic,2018,455.243962859534,,54.369,5.517,3.083
central african republic,2019,449.228467602439,1.81203997135162,55.025,5.607,3.47589993476868
chad,2015,747.588448455507,,51.589,0.974,3.763
chad,2016,668.078636142918,,52.083,1.047,3.936
chad,2017,640.117048532702,,52.308,1.116,4.301
chad,2018,695.642393675941,2.73194313049316,52.825,1.135,4.35
chad,2019,678.142035723965,1.75650000572205,53.259,1.084,4.42269992828369
chad,2020,622.095543396442,,52.777,1.707,4.355
chad,2021,660.747192555507,,52.525,1.548,4.251
chad,2022,671.720147647873,,52.997,1.096,4.397
chad,2023,680.639877912029,,,1.074,4.471
chile,2015,13433.9202985339,13.1000003814697,79.746,6.313,6.705
chile,2016,13649.8520455553,13.9364814758301,80.079,6.673,6.652
chile,2017,14879.9086230423,14.6400003433228,80.35,7.257,6.476
chile,2018,15659.4808675628,15.5733489990234,80.133,7.623,6.444
chile,2019,14495.716721687,15.9265537261963,80.326,7.493,6.22849988937378
chile,2020,13114.815470545,19.1351909637451,79.377,10.934,6.172
chile,2021,16216.5706467899,19.6066036224365,78.944,9.281,6.172
chile,2022,15451.1319576678,20.2825660705566,79.519,8.249,6.334
chile,2023,17067.8136150601,21.5449905395508,81.4,9.013,6.36
china,2015,8016.44559489998,,76.977,4.65,5.245
china,2016,8094.39016735149,,77.218,4.56,5.273
china,2017,8817.04560829162,,77.248,4.47,5.246
china,2018,9905.40638304527,,77.744,4.31,5.191
china,2019,10143.8602206165,,77.968,4.56,5.12389993667603
china,2020,10408.7195541075,7.67999982833862,78.077,5.0,5.339
china,2021,12617.5051041181,,78.211,4.55,5.585
china,2022,12662.5826712038,,78.587,4.98,5.818
china,2023,12614.0617416421,,,4.67,5.973
colombia,2015,6248.51490534512,10.3000001907349,76.257,8.572,6.481
colombia,2016,5959.84250367574,10.8999996185303,76.471,8.922,6.357
colombia,2017,6479.53231292429,,76.646,9.086,6.26
colombia,2018,6816.96818309544,11.7600002288818,76.748,9.36,6.125
colombia,2019,6472.54544924705,12.0699996948242,76.752,10.28,6.16340017318726
colombia,2020,5339.68711357943,12.8500003814697,74.769,15.983,6.012
colombia,2021,6222.62164397614,,72.83,13.898,5.781
colombia,2022,6674.59601948063,16.20046043396,73.659,10.547,5.63
colombia,2023,6947.35928681966,16.4727363586426,,9.594,5.695
comoros,2015,1329.37048235986,,62.896,4.121,3.956
comoros,2018,1540.71132257526,,63.912,3.942,3.973
comoros,2019,1519.26386436068,,64.068,3.934,4.28859996795654
comoros,2020,1527.16991011916,,64.166,4.471,4.289
comoros,2021,1584.12450153608,3.31192517280579,63.417,4.394,4.609
comoros,2022,1489.49566257969,14.056170463562,63.68,3.816,3.545
comoros,2023,1590.31237688317,,,3.776,3.566
"congo, dem. rep.",2015,467.9145805459,,58.49,4.439,4.254
"congo, dem. rep.",2016,442.310472110228,3.48000001907349,59.066,4.521,4.285500000000001
"congo, dem. rep.",2017,436.584534687385,,59.411,4.601,4.402
"congo, dem. rep.",2018,528.256019777898,7.4141697883606,59.942,4.618,4.615
"congo, dem. rep.",2019,557.044161335917,,60.276,4.591,4.752699851989745
"congo, dem. rep.",2020,507.521230077872,,59.739,5.345,5.342
"congo, dem. rep.",2021,558.034077296358,,59.193,5.28,5.075
"congo, dem. rep.",2022,642.612265820033,,59.743,4.522,4.237
"congo, dem. rep.",2023,627.502181690836,,,4.484,4.258
costa rica,2015,11714.7105980732,21.2999992370605,79.086,8.415,7.087
costa rica,2016,12091.0301606154,20.6299991607666,79.459,8.085,7.079
costa rica,2017,12317.0902771304,,79.377,7.729,7.072
costa rica,2018,12590.2493781614,21.3099994659424,79.484,9.01,7.167
costa rica,2019,12884.6859951989,,79.427,10.807,7.12139987945557
costa rica,2020,12394.0493969492,21.6100006103516,79.277,16.432,7.069
costa rica,2021,12838.1185358931,,77.023,15.139,6.582
costa rica,2022,13625.9008491328,,77.32,11.325,6.609
costa rica,2023,16942.0268119375,,81.0,8.325,6.955
cote d'ivoire,2015,1814.71855088017,,57.762,2.579,3.916
cote d'ivoire,2016,1862.59597081287,3.45458006858826,58.06,1.896,4.18
cote d'ivoire,2017,1964.29930338343,,58.48,3.272,4.671
cote d'ivoire,2018,2130.86619381144,,58.849,2.85,4.944
cote d'ivoire,2019,2141.76836170115,5.22612524032593,59.319,2.401,5.23330020904541
cote d'ivoire,2020,2179.72934832935,,59.032,2.584,5.306
cote d'ivoire,2021,2455.98127641148,4.98000001907349,58.598,2.63,5.235
cote d'ivoire,2022,2308.70654660366,4.76513671875,58.916,2.306,5.053
cote d'ivoire,2023,2530.84659301723,,,2.27,5.08
croatia,2015,12285.3032582105,15.3868761062622,77.2756097560976,16.175,5.488
croatia,2016,12821.1738140304,16.0571804046631,78.0219512195122,13.103,5.293
croatia,2017,13902.6310485422,16.9888916015625,77.8268292682927,11.208,5.321
croatia,2018,15460.4183295843,18.0253562927246,78.0707317073171,8.432,5.432
croatia,2019,15563.8167397199,18.0067329406738,78.4243902439025,6.617,5.50470018386841
croatia,2020,14808.4620188819,18.9136714935303,77.7243902439024,7.507,5.882
croatia,2021,17789.9304736722,18.9514045715332,76.4243902439025,7.608,6.125
croatia,2022,18466.0955472648,19.0439777374268,77.5756097560976,6.96,6.125
croatia,2023,21865.4562838641,,78.6,6.086,5.942
cyprus,2015,23487.228515625,25.5499992370605,80.966,15.026,5.6585
cyprus,2016,24715.154296875,26.6200008392334,81.056,13.006,5.7155000000000005
cyprus,2017,26696.990234375,27.1771392822266,81.328,11.155,5.7985
cyprus,2018,29599.986328125,28.5599994659424,81.382,8.504,5.882
cyprus,2019,29703.052734375,28.8715553283691,81.397,7.155,5.84724998474121
cyprus,2020,28649.015625,29.7999992370605,81.391,7.755,5.8795
cyprus,2021,33734.29296875,31.7849750518799,81.203,7.513,5.843999999999999
cyprus,2022,33938.9453125,33.1645622253418,81.889,6.806,6.13
cyprus,2023,36551.41796875,,,6.098,6.068
czechia,2015,17931.5987670768,19.3400001525879,78.5780487804878,5.048,6.596
czechia,2016,18753.9686718096,20.0799999237061,79.0268292682927,3.952,6.609
czechia,2017,20913.197632212,20.7299995422363,78.9780487804878,2.893,6.711
czechia,2018,23705.9329811299,21.0019187927246,79.0292682926829,2.246,6.852
czechia,2019,24062.7190013343,20.9099998474121,79.2292682926829,2.015,6.9109001159668
czechia,2020,23472.8915454417,21.3851680755615,78.1756097560976,2.55,6.965
czechia,2021,27696.4619527544,22.8479957580566,77.2219512195122,2.803,6.92
czechia,2022,28282.2236715857,20.9734058380127,79.0292682926829,2.224,6.845
czechia,2023,31591.1770732969,,80.0,2.579,6.822
denmark,2015,53094.0133607574,30.3799991607666,80.7024390243902,6.278,7.526
denmark,2016,54500.9260410217,30.9799995422363,80.8536585365854,5.989,7.522
denmark,2017,57521.5514992225,29.7281112670898,81.1024390243903,5.833,7.555
denmark,2018,61324.7665045565,32.3600006103516,80.9536585365854,5.131,7.6
denmark,2019,59404.2663247723,31.120885848999,81.4512195121951,5.018,7.64559984207153
denmark,2020,60985.4885601514,33.0900001525879,81.6024390243903,5.637,7.62
denmark,2021,69727.9873677012,32.452018737793,81.4048780487805,5.043,7.636
denmark,2022,68091.3191138669,32.7245712280273,81.3048780487805,4.434,7.586
denmark,2023,68453.8769281145,,81.9,5.094,7.583
dominican republic,2015,6819.93225155181,11.742317199707,72.953,7.605,5.155
dominican republic,2016,7174.82349574,18.1200008392334,72.987,7.284,5.23
dominican republic,2017,7499.69286187019,11.7243194580078,73.063,5.832,5.302
dominican republic,2018,7934.98141208525,12.7266597747803,73.232,5.861,5.425
dominican republic,2019,8164.22080932117,14.3608598709106,73.577,6.356,5.68919992446899
dominican republic,2020,7162.29175242114,12.8589019775391,72.889,6.126,5.545
dominican republic,2021,8472.47982000992,12.9000816345215,72.615,7.702,5.737
dominican republic,2022,10109.5234003521,17.6953067779541,74.17,5.504,5.569
dominican republic,2023,10717.6276712204,18.7137393951416,,5.555,5.823
ecuador,2015,5976.1596805651,12.0799999237061,76.789,3.616,5.976
ecuador,2016,5917.63771271481,11.7200002670288,76.763,4.597,6.008
ecuador,2017,6233.32244797718,12.1599998474121,76.972,3.836,5.973
ecuador,2018,6303.91892523596,,77.094,3.53,6.028
ecuador,2019,6205.05759479761,,77.297,3.812,5.92519998550415
ecuador,2020,5463.64509649315,11.9399995803833,72.153,6.127,5.764
ecuador,2021,6075.8026572556,12.3999996185303,73.67,4.552,5.533
ecuador,2022,6540.99824522101,12.1300001144409,77.894,3.761,5.559
ecuador,2023,6609.80408154957,,,3.51,5.725
"egypt, arab rep.",2015,3306.98159414141,,70.483,13.052,4.362
"egypt, arab rep.",2016,3270.6287768197,,70.844,12.45,4.735
"egypt, arab rep.",2017,2395.10333299491,6.17000007629395,71.302,11.767,4.419
"egypt, arab rep.",2018,2484.70315630508,,71.367,9.855,4.166
"egypt, arab rep.",2019,2962.98892023003,,71.358,7.851,4.15140008926392
"egypt, arab rep.",2020,3511.11381026379,0.0,70.99,7.974,4.283
"egypt, arab rep.",2021,3827.35415374308,0.0,70.221,7.441,4.288
"egypt, arab rep.",2022,4233.30783744856,,70.159,7.344,4.17
"egypt, arab rep.",2023,3457.45691570455,,,7.334,3.977
el salvador,2015,3790.34089108162,,71.814,3.998,6.068
el salvador,2016,3901.34014965811,7.11999988555908,72.025,4.418,6.003
el salvador,2017,4020.12671373919,6.67000007629395,72.311,4.385,6.167
el salvador,2018,4183.54620971358,,72.555,4.006,6.253
el salvador,2019,4320.11671534627,8.34000015258789,72.559,4.17,6.34829998016357
el salvador,2020,3997.19279583709,8.43000030517578,71.061,5.008,6.061
el salvador,2021,4642.60743101342,,70.748,4.327,6.12
el salvador,2022,5093.51833879776,,71.475,2.999,6.122
el salvador,2023,5391.06926181338,7.26999998092651,,2.992,6.469
estonia,2015,17722.1557669523,29.775821685791,77.590243902439,6.412,5.517
estonia,2016,18666.3736521706,30.4089946746826,77.6414634146342,6.882,5.611
estonia,2017,20851.5223496861,31.720100402832,78.0926829268293,5.807,5.739
estonia,2018,23618.1361254581,33.57568359375,78.2439024390244,5.412,5.893
estonia,2019,24021.2501413306,33.4643707275391,78.6463414634147,4.514,6.02180004119873
estonia,2020,23933.9939421065,30.8500003814697,78.5951219512195,6.956,6.189
estonia,2021,27953.7670230126,31.7315711975098,76.9439024390244,6.178,6.341
estonia,2022,28451.1477825175,32.6602210998535,77.9439024390244,5.571,6.455
estonia,2023,30133.304450454,,78.8,6.378,6.448
eswatini,2018,3986.10557163026,,59.411,26.369,4.212
eswatini,2019,3894.32951592818,,60.549,28.138,4.30810022354126
eswatini,2020,3442.3216527415,,59.692,32.944,4.308
eswatini,2021,3926.48687364215,14.4894857406616,57.066,34.153,4.396
eswatini,2023,3610.60879677551,18.2514572143555,,35.086,3.502
ethiopia,2015,621.845673808133,,63.649,2.443,4.508
ethiopia,2016,696.195884706786,1.33300995826721,64.392,2.554,4.46
ethiopia,2017,745.632449222154,,64.838,2.662,4.35
ethiopia,2018,747.968143637014,,65.412,2.802,4.286
ethiopia,2019,828.70897229725,,65.838,2.917,4.18620014190674
ethiopia,2020,905.313175805855,,65.371,3.994,4.275
ethiopia,2021,910.947840320752,6.28919649124146,64.975,3.935,4.241
ethiopia,2022,1011.0732858233,,65.645,3.409,4.091
ethiopia,2023,1272.01628209211,,,3.402,3.861
finland,2015,42560.3456767103,23.0300006866455,81.4804878048781,9.376,7.413
finland,2016,43451.2562442158,25.4359493255615,81.4292682926829,8.818,7.469
finland,2017,46085.0174739036,24.3400001525879,81.6317073170732,8.64,7.632
finland,2018,49654.2497035329,27.8136768341064,81.7341463414634,7.361,7.769
finland,2019,48358.1807773701,25.9400005340576,81.9829268292683,6.695,7.80870008468628
finland,2020,48828.6846862799,30.9471302032471,81.9317073170732,7.759,7.842
finland,2021,53099.1351400148,28.2076778411865,81.8853658536585,7.617,7.821
finland,2022,50438.4753952355,28.7976665496826,81.1878048780488,6.719,7.804
finland,2023,52925.6897638424,,81.7,7.151,7.741
france,2015,36702.4323733379,17.6599998474121,82.3219512195122,10.354,6.478
france,2016,37024.2157133669,17.3999996185303,82.5731707317073,10.057,6.442
france,2017,38687.1626407164,18.0,82.5756097560976,9.409,6.489
france,2018,41418.1766484844,19.2230129241943,82.6756097560976,9.018,6.592
france,2019,40408.2848574751,19.7000007629395,82.8268292682927,8.415,6.66379976272583
france,2020,39169.8606000707,20.9787750244141,82.1756097560976,8.009,6.69
france,2021,43725.0999521245,22.9377460479736,82.3243902439024,7.874,6.687
france,2022,41082.8119320747,22.5577774047852,82.2292682926829,7.308,6.661
france,2023,44690.9345395117,24.354621887207,83.1,7.335,6.609
"gambia, the",2018,696.219806960615,1.39770996570587,63.04,4.127,4.516
"gambia, the",2019,738.186751987483,,63.755,4.538,4.75059986114502
"gambia, the",2020,720.335143352133,1.88328003883362,62.612,5.892,5.051
"gambia, the",2021,781.890925169531,,62.083,6.269,5.164
"gambia, the",2022,836.244875868476,,62.906,6.076,4.279
"gambia, the",2023,888.157407724123,9.04935646057129,,6.479,4.485
georgia,2015,4086.6223465965,34.6597900390625,73.297,16.506,4.252
georgia,2016,4143.40125686315,32.8499984741211,73.569,16.604,4.286
georgia,2017,4418.75206546679,34.0200004577637,73.57,13.939,4.34
georgia,2018,4804.0546040444,34.8497581481934,73.341,12.667,4.519
georgia,2019,4741.2832715876,33.6699981689453,73.47,11.565,4.67259979248047
georgia,2020,4300.85701291207,33.1648941040039,72.765,11.73,4.891
georgia,2021,5083.60695484577,34.2079086303711,71.694,11.791,4.973
georgia,2022,6729.84659930283,34.0200004577637,71.587,11.647,5.109
georgia,2023,8283.66960242964,34.5390701293945,,11.537,5.185
germany,2015,41911.0109851054,24.7399997711182,80.6414634146341,4.612,6.994
germany,2016,42961.0356905775,25.5799999237061,80.990243902439,4.104,6.951
germany,2017,45526.5999576533,25.8552474975586,80.9926829268293,3.781,6.965
germany,2018,48874.8595028454,25.1499996185303,80.8926829268293,3.384,6.985
germany,2019,47623.8656074829,27.0112819671631,81.2926829268293,3.163,7.0757999420166
germany,2020,47379.765194548,28.3500003814697,81.0414634146342,3.881,7.155
germany,2021,52265.6541620571,29.0407466888428,80.790243902439,3.594,7.034
germany,2022,49686.1154582583,29.2060985565186,80.7056097560976,3.12,6.892
germany,2023,54343.2265084958,,,3.068,6.719
ghana,2015,1721.69964380717,4.72734594345093,63.175,6.806,4.276
ghana,2016,1913.18673253576,,63.89,5.232,4.12
ghana,2017,2012.97025750655,3.49149990081787,64.013,3.369,4.657
ghana,2018,2196.61290615342,,64.122,3.253,4.996
ghana,2019,2186.18924111824,,64.74,3.16,5.14799976348877
ghana,2020,2196.54789313621,,64.114,3.313,5.088
ghana,2021,2445.50081810782,,63.795,3.384,4.872
ghana,2022,2240.27945094566,6.22969007492065,63.945,3.084,4.605
ghana,2023,2260.28741289427,,,3.063,4.289
greece,2015,17980.7298238137,22.9300003051758,81.0365853658537,24.981,5.033
greece,2016,17919.2426377048,20.1399993896484,81.3878048780488,23.514,5.227
greece,2017,18631.9930129293,23.5572547912598,81.2878048780488,21.413,5.358
greece,2018,19873.4015238771,24.1726455688477,81.7878048780488,19.179,5.287
greece,2019,19335.3602002969,24.4034461975098,81.6390243902439,17.045,5.5149998664856
greece,2020,17886.733165236,26.0400009155273,81.2878048780488,15.899,5.723
greece,2021,20654.7001960815,28.1758575439453,80.0829268292683,14.656,5.948
greece,2022,20971.8349258283,28.9304580688477,80.6365853658537,12.426,5.931
greece,2023,23400.7278817691,,81.6,11.066,5.934
guatemala,2015,3893.50521848131,3.78042006492615,72.103,2.506,6.324
guatemala,2016,4060.13755621218,,72.355,2.583,6.454
guatemala,2017,4324.99607911366,,72.551,2.462,6.382
guatemala,2018,4352.94651790253,,72.726,2.283,6.436
guatemala,2019,4511.99755157656,4.32000017166138,73.129,2.193,6.39890003204346
guatemala,2020,4477.61761796418,,71.797,2.955,6.435
guatemala,2021,4913.94712869347,,69.237,2.174,6.262
guatemala,2022,5358.08963795,5.68784999847412,68.674,3.051,6.15
guatemala,2023,5762.82174615918,4.16229772567749,,2.344,6.287
guinea,2015,747.356966759448,,58.134,5.224,3.607
guinea,2016,711.996509782316,7.1741099357605,58.763,5.013,3.507
guinea,2017,833.598621691121,,59.109,4.826,3.964
guinea,2018,933.273615633705,6.21000003814697,59.349,4.787,4.534
guinea,2019,1031.34146480732,22.7037582397461,59.72,5.018,4.94929981231689
guinea,2020,1053.66097696415,,59.327,6.018,4.984
guinea,2021,1244.96550477914,,58.892,5.827,4.891
guinea,2022,1416.59612011764,,58.985,5.267,5.072
guinea,2023,1541.04050914957,,,5.244,5.023
haiti,2015,1411.12684746796,,63.237,13.724,4.028
haiti,2016,1318.40268167953,,63.392,13.852,3.603
haiti,2017,1395.23945184461,4.53101015090942,63.854,13.881,3.582
haiti,2018,1496.38048970156,,64.019,13.878,3.597
haiti,2019,1352.17204191532,,64.255,14.057,3.72079992294312
haiti,2020,1290.32538667383,,64.052,15.546,3.615
honduras,2015,2271.20265980349,9.35000038146973,72.487,6.147,4.871
honduras,2016,2307.34468351082,10.5,72.588,6.727,5.181
honduras,2017,2413.0076562942,5.9344277381897,72.692,5.528,5.504
honduras,2018,2464.64241531918,9.57999992370605,72.814,5.648,5.86
honduras,2019,2502.32744328073,9.63000011444092,72.881,5.698,5.95319986343384
honduras,2020,2307.61494319511,,71.462,10.982,5.919
honduras,2021,2735.14751503977,,70.123,8.506,6.022
honduras,2022,3003.28996826399,,70.728,8.774,6.023
honduras,2023,3231.65724461936,,,6.07,5.968
hungary,2015,12717.038597002,20.6700000762939,75.5682926829269,6.813,5.145
hungary,2016,13104.6995457458,20.4099998474121,76.0634146341464,5.115,5.324
hungary,2017,14621.2395956755,20.772331237793,75.8170731707317,4.156,5.62
hungary,2018,16425.2050299693,21.7858905792236,76.0658536585366,3.708,5.758
hungary,2019,16786.2136399075,22.5712108612061,76.3195121951219,3.419,6.00040006637573
hungary,2020,16131.9540355923,24.0799999237061,75.5682926829269,4.25,5.992
hungary,2021,18755.1023464312,25.8177375793457,74.1634146341463,4.045,6.086
hungary,2022,18353.298364905,26.128345489502,76.0170731707317,3.609,6.041
hungary,2023,22141.8669799276,,76.9,4.107,6.017
iceland,2015,52951.6815110898,32.3081283569336,82.4682926829268,3.979,7.501
iceland,2016,61987.9263620283,34.9200897216797,82.2048780487805,2.978,7.504
iceland,2017,72010.1490316258,36.9775695800781,82.6609756097561,2.742,7.495
iceland,2018,74452.1890731447,38.9894828796387,82.8609756097561,2.704,7.494
iceland,2019,68452.23622306,36.1399993896484,83.1634146341463,3.507,7.50449991226196
iceland,2020,59023.5663465778,36.6199989318848,83.0634146341463,5.478,7.554
iceland,2021,69325.9078287926,34.156925201416,83.1658536585366,6.029,7.557
iceland,2022,75314.085560994,34.2301330566406,82.1707317073171,3.789,7.53
iceland,2023,79636.9548578508,,82.6,3.518,7.525
india,2015,1583.99815907985,,69.636,7.631,4.404
india,2016,1707.50892912243,10.1431703567505,70.117,7.601,4.315
india,2017,1950.10468280866,,70.467,7.618,4.19
india,2018,1966.25455171679,10.7799997329712,70.71,7.652,4.015
india,2019,2041.42863698585,12.0160398483276,70.91,6.51,3.57329988479614
india,2020,1907.04251637669,12.2200002670288,70.15,7.859,3.819
india,2021,2239.61384367482,,67.24,6.38,3.777
india,2022,2352.61392452078,12.1400003433228,67.744,4.822,4.036
india,2023,2480.79208721621,13.2299995422363,,4.172,4.054
indonesia,2015,3288.22269737572,8.47999954223633,69.699,4.514,5.314
indonesia,2016,3521.46943456251,8.78999996185303,69.798,4.301,5.262
indonesia,2017,3798.88326177649,8.23369979858398,69.936,3.783,5.093
indonesia,2018,3860.95353077708,9.36999988555908,70.338,4.387,5.192
indonesia,2019,4106.94856173421,8.78998947143555,70.518,3.59,5.28560018539429
indonesia,2020,3853.70288778903,10.5200004577637,68.808,4.255,5.345
indonesia,2021,4287.17313989405,9.48564147949219,67.57,3.827,5.24
indonesia,2022,4730.74548910499,9.48062133789062,68.25,3.462,5.277
indonesia,2023,4876.31432703188,9.32683753967285,,3.308,5.568
"iran, islamic rep.",2015,4952.73355532178,3.10728645324707,75.124,11.166,4.813
"iran, islamic rep.",2016,5477.03712389913,18.1800003051758,75.6,12.618,4.692
"iran, islamic rep.",2017,5753.11544659399,0.0,75.971,12.232,4.707
"iran, islamic rep.",2018,4631.78709016514,16.8688163757324,76.195,12.195,4.548
"iran, islamic rep.",2019,3831.27894763337,17.3763217926025,76.103,10.74,4.67239999771118
"iran, islamic rep.",2020,2988.78122414716,17.3704242706299,74.832,9.687,4.721
"iran, islamic rep.",2021,4334.79268631354,17.7855739593506,73.875,9.282,4.888
"iran, islamic rep.",2022,4405.09291519791,18.2504196166992,74.556,9.085,4.876
"iran, islamic rep.",2023,4465.63766994952,,,9.041,4.923
iraq,2015,4440.14189252367,,69.44,10.842,4.575
iraq,2016,4334.42096404188,,68.988,10.82,4.497
iraq,2017,4759.2846435467,,70.413,13.02,4.456
iraq,2018,5646.68932074742,10.4068899154663,71.514,13.49,4.437
iraq,2019,5671.8568632942,,71.576,14.109,4.78480005264282
iraq,2020,4295.18945121228,,69.123,15.778,4.854
iraq,2021,4868.49431080783,10.9389886856079,70.378,16.173,4.941
iraq,2022,6504.12428393548,,71.336,15.511,4.941
iraq,2023,5565.12644647176,,,15.447,5.166
ireland,2015,64311.8234684057,31.0062866210938,81.4536585365854,9.908,6.907
ireland,2016,64292.659966313,31.5917129516602,81.6536585365854,8.374,6.977
ireland,2017,72499.3268743015,31.1599998474121,82.1560975609756,6.713,6.977
ireland,2018,81248.3135388,34.9246406555176,82.2048780487805,5.741,7.021
ireland,2019,82508.4659883582,35.1964340209961,82.7024390243903,4.95,7.09369993209839
ireland,2020,87567.1148972037,36.9319190979004,82.5560975609756,5.623,7.085
ireland,2021,105561.137468992,37.7408866882324,82.3536585365854,6.364,7.041
ireland,2022,106194.755859223,37.2724380493164,83.0560975609756,4.501,6.911
ireland,2023,103887.800388081,,,4.288,6.838
israel,2015,36123.9907881129,33.2099990844727,82.0512195121951,5.176,7.267
israel,2016,37556.6272863143,33.9819717407227,82.4073170731707,4.723,7.213
israel,2017,40997.9110240274,34.8950538635254,82.5512195121951,4.14,7.19
israel,2018,42233.2610344935,35.7983818054199,82.8024390243903,3.917,7.139
israel,2019,44140.8289372511,36.2310218811035,82.8048780487805,3.731,7.12860012054443
israel,2020,44679.7715799755,36.5067901611328,82.6487804878049,4.169,7.157
israel,2021,52255.6159050999,37.2001266479492,82.5,4.812,7.364
israel,2022,54930.7261602593,38.054126739502,82.7,3.695,7.473
israel,2023,52642.4267486308,,,3.596,7.341
italy,2015,30387.1293187854,14.499436378479,82.5439024390244,11.896,5.977
italy,2016,31126.3246947273,14.6699409484863,83.2439024390244,11.688,5.964
italy,2017,32554.14668453,15.5496873855591,82.9463414634147,11.211,6.0
italy,2018,34746.3441392416,16.1499462127686,83.3463414634146,10.61,6.223
italy,2019,33812.788724868,16.4097290039062,83.4975609756098,9.951,6.38740015029907
italy,2020,32091.4866621366,16.5499992370605,82.1951219512195,9.164,6.483
italy,2021,36852.5425414951,16.2955207824707,82.6463414634146,9.497,6.467
italy,2022,35635.7442204098,16.4901714324951,82.9,8.069,6.405
italy,2023,39003.3160954123,,83.8,7.627,6.324
jamaica,2015,5062.89556466908,,72.394,8.825,5.51
jamaica,2016,5009.79450059092,,72.02,8.634,5.311
jamaica,2017,5259.31334136812,,71.911,7.399,5.89
jamaica,2018,5578.10346083169,,71.793,5.47,5.89
jamaica,2019,5607.24300668501,,71.767,4.987,5.88980007171631
jamaica,2020,4879.44024631319,,71.869,6.501,6.309
jamaica,2021,5165.33780988607,,70.5,5.188,5.85
jamaica,2022,6022.15341099999,10.9498100280762,70.629,4.083,5.703
jamaica,2023,6839.72503886968,,,4.4,5.842
japan,2015,34960.6393843385,,83.7939024390244,3.385,5.921
japan,2016,39375.4731620781,,83.9848780487805,3.132,5.92
japan,2017,38834.0529341227,,84.099756097561,2.822,5.915
japan,2018,39751.1330982711,,84.2109756097561,2.467,5.886
japan,2019,40415.9567649547,,84.3563414634146,2.351,5.87080001831055
japan,2020,40040.7655055923,25.5400009155273,84.56,2.809,5.94
japan,2021,40058.5373276179,,84.4456097560976,2.828,6.039
japan,2022,34017.2718075024,,83.9963414634146,2.6,6.129
japan,2023,33766.5268253808,,,2.6,6.06
jordan,2015,4042.75678097555,,75.011,13.075,5.303
jordan,2016,3986.71677010853,,75.215,15.275,5.336
jordan,2017,4065.61628749384,20.9268398284912,75.502,18.12,5.161
jordan,2018,4145.43989673265,,75.774,18.257,4.906
jordan,2019,4170.1144003465,,76.044,16.801,4.63339996337891
jordan,2020,4022.0401356135,,75.184,19.213,4.395
jordan,2021,4183.49998326866,,74.256,19.837,4.152
jordan,2022,4332.25159897931,,74.215,18.2,4.12
jordan,2023,4455.50540514568,,,17.969,4.186
kazakhstan,2015,10196.1226255982,27.8106708526611,71.97,4.93,5.919
kazakhstan,2016,7475.56688689424,,72.41,4.96,5.819
kazakhstan,2017,8943.08416791984,,72.95,4.9,5.79
kazakhstan,2018,9472.48527327758,34.0800018310547,73.15,4.85,5.809
kazakhstan,2019,9457.12614657136,37.6751594543457,73.18,4.8,6.05789995193481
kazakhstan,2020,8781.50797787648,,71.37,4.89,6.152
kazakhstan,2021,9983.60103576902,,70.23,5.546,6.234
kazakhstan,2022,11255.3396437881,,74.44,4.86,6.144
kazakhstan,2023,12918.8661346014,,,4.821,6.188
kenya,2015,1489.11959777284,,61.892,2.762,4.356
kenya,2016,1554.12610314423,,62.163,2.757,4.553
kenya,2017,1667.48447230835,,62.481,3.541,4.41
kenya,2018,1836.45275528993,,62.676,4.284,4.509
kenya,2019,1960.40808854893,4.80908012390137,62.943,5.014,4.58300018310547
kenya,2020,1927.66459027849,3.74181008338928,62.675,5.619,4.607
kenya,2021,2061.35622089594,5.67963123321533,61.427,5.693,4.543
kenya,2022,2109.56288513137,6.09258985519409,62.055,5.707,4.487
kenya,2023,1952.30457929636,,,5.567,4.47
"korea, rep.",2015,28737.4391706499,28.6800003051758,82.0243902439024,3.546,5.835
"korea, rep.",2016,29280.4403170048,31.7693634033203,82.2756097560976,3.65,5.838
"korea, rep.",2017,31600.7358741365,32.154483795166,82.6268292682927,3.653,5.875
"korea, rep.",2018,33447.1562836166,33.0220794677734,82.6268292682927,3.824,5.895
"korea, rep.",2019,31902.4169048194,33.6001853942871,83.2268292682927,3.746,5.87239980697632
"korea, rep.",2020,31721.2989141857,33.8704376220703,83.4268292682927,3.931,5.845
"korea, rep.",2021,35125.5224984723,34.2422485351562,83.5268292682927,3.639,5.935
"korea, rep.",2022,32394.6833725203,34.5359725952148,82.6804878048781,2.857,5.951
"korea, rep.",2023,33121.3712885508,35.6374397277832,,2.675,6.058
kuwait,2015,29882.2126867068,9.59000015258789,79.562,2.2,6.239
kuwait,2016,27323.6890643847,,79.701,2.16,6.105
kuwait,2017,29047.6535822842,10.6700000762939,79.781,2.227,6.083
kuwait,2018,32067.9623689512,11.1199998855591,79.722,2.204,6.021
kuwait,2019,31707.8737464917,,79.685,2.251,6.10209989547729
kuwait,2020,25236.0755520534,,76.92,3.557,6.106
kuwait,2021,34043.542153557,,78.673,3.002,6.106
kuwait,2023,33729.7985494456,,,2.127,6.951
kyrgyz republic,2015,1105.65202996955,0.0,70.6512195121951,3.338,5.185
kyrgyz republic,2016,1103.27498361324,0.0,70.9512195121951,3.474,5.004
kyrgyz republic,2017,1221.39056490366,0.0,71.2,3.57,5.131
kyrgyz republic,2018,1283.52040333083,24.2648506164551,71.4,3.67,5.261
kyrgyz republic,2019,1421.99927504102,,71.6,4.295,5.54150009155273
kyrgyz republic,2020,1229.51775742135,,71.8,4.63,5.744
kyrgyz republic,2021,1349.99730650542,,71.9,4.096,5.828
kyrgyz republic,2022,1739.72030814894,,72.0487804878049,4.043,5.825
kyrgyz republic,2023,1970.15780961839,,,3.991,5.714
lao pdr,2015,2121.01339097363,,66.67,2.494,4.876
lao pdr,2017,2432.43059478511,5.15476989746094,67.434,3.268,4.623
lao pdr,2018,2545.1075420815,,67.634,2.9,4.796
lao pdr,2019,2589.32081035237,,68.138,2.537,4.88859987258911
lao pdr,2020,2583.77730696131,,68.497,2.361,5.03
lao pdr,2021,2526.05105018529,,68.061,2.066,5.14
lao pdr,2022,2046.40440255621,5.19384670257568,68.999,1.209,5.111
lao pdr,2023,2066.94979776957,,,1.188,5.139
latvia,2015,13321.9753140616,27.7000007629395,74.4804878048781,9.873,5.56
latvia,2016,13838.5266823272,29.1100006103516,74.580487804878,9.643,5.85
latvia,2017,15132.4958333982,29.2247142791748,74.6292682926829,8.715,5.933
latvia,2018,17252.1710428626,30.0300006866455,74.7829268292683,7.412,5.94
latvia,2019,17294.9751600969,30.9400005340576,75.3878048780488,6.312,5.94999980926514
latvia,2020,17564.2321549354,32.7584533691406,75.1853658536585,8.098,6.032
latvia,2021,20262.8433862451,31.4416408538818,72.9804878048781,7.513,6.18
latvia,2022,20229.4613617326,31.9501533508301,74.580487804878,6.815,6.213
latvia,2023,22502.8429938094,,75.9,6.465,6.234
lebanon,2015,7714.1099998804,,79.229,9.306,5.129
lebanon,2016,8089.012088155,,79.505,9.786,5.225
lebanon,2017,8608.21084982387,,79.654,10.251,5.199
lebanon,2018,9174.53666204759,33.2799987792969,79.729,10.745,5.197
lebanon,2019,8905.88005497437,22.1418571472168,79.236,11.301,4.77150011062622
lebanon,2020,5561.19166950397,,77.804,13.284,4.584
lebanon,2021,4045.37391066234,,75.047,12.669,2.955
lebanon,2022,3654.35845534878,,74.416,11.6,2.392
lebanon,2023,,,,11.543,2.707
lesotho,2016,992.491840678465,,52.264,16.17,3.808
lesotho,2017,1069.36673247542,,53.064,16.401,3.808
lesotho,2018,1170.65569702819,3.93763995170593,53.733,16.625,3.802
lesotho,2019,1082.05706777516,5.61074018478394,54.173,16.876,3.6528000831604
lesotho,2020,918.582577421982,,54.693,18.399,3.512
lesotho,2021,1066.58645143823,,53.062,18.23,3.512
lesotho,2023,916.282979328622,,,16.457,3.186
liberia,2015,692.590082351257,,59.148,2.557,3.622
liberia,2016,714.613063145659,3.66464829444885,60.416,3.081,3.533
liberia,2017,699.269095727404,3.39418649673462,60.553,3.066,3.495
liberia,2018,692.203127129794,,60.853,3.056,3.975
liberia,2019,658.164180770507,5.0644998550415,61.104,3.068,4.55789995193481
liberia,2020,616.787867006715,,60.948,4.109,4.625
liberia,2021,667.96610514319,,60.747,3.845,5.122
liberia,2022,744.617175237387,,61.1,2.977,4.042
liberia,2023,771.887142089677,,,2.933,4.269
lithuania,2015,14300.2553666736,33.0999984741211,74.3219512195122,9.12,5.813
lithuania,2016,14981.6208126311,33.939998626709,74.6707317073171,7.862,5.902
lithuania,2017,16884.7100319318,34.5400009155273,75.4804878048781,7.073,5.952
lithuania,2018,19368.5391045353,35.9517211914062,75.6804878048781,6.147,6.149
lithuania,2019,19727.7607453736,37.3273239135742,76.2829268292683,6.255,6.21549987792969
lithuania,2020,20541.824988603,38.0999984741211,74.9780487804878,8.487,6.255
lithuania,2021,23934.728489916,40.1166534423828,74.0365853658537,7.112,6.446
lithuania,2022,25085.784063499,41.4149131774902,75.7926829268293,5.955,6.763
lithuania,2023,27786.0057829276,,77.3,6.841,6.818
luxembourg,2015,105462.012584423,30.5501194000244,82.2926829268293,6.796,6.871
luxembourg,2016,106899.293549552,34.5298538208008,82.6853658536585,6.669,6.863
luxembourg,2017,110193.213797228,32.731559753418,82.0951219512195,5.523,6.91
luxembourg,2018,116786.511654677,35.6957473754883,82.2951219512195,5.589,7.09
luxembourg,2019,112726.439672814,37.9993743896484,82.6390243902439,5.592,7.23750019073486
luxembourg,2020,116905.370396853,38.1812858581543,82.1439024390244,6.766,7.324
luxembourg,2021,133711.794435985,41.7206802368164,82.5975609756098,5.571,7.404
luxembourg,2022,125006.021815486,42.3309173583984,83.0463414634146,4.588,7.228
luxembourg,2023,128678.189942826,,83.4,5.184,7.122
madagascar,2015,445.320069480568,2.6768274307251,64.339,1.785,3.695
madagascar,2016,453.970714522463,,64.997,1.947,3.644
madagascar,2017,491.866848718929,,65.094,2.119,3.774
madagascar,2018,500.45718552916,2.75999999046326,65.27,2.297,3.933
madagascar,2019,499.818837622534,,65.882,2.469,4.16559982299805
madagascar,2020,450.771615201509,,65.182,3.284,4.208
madagascar,2021,490.206238571448,2.92739009857178,64.485,3.487,4.339
madagascar,2022,497.242514792961,,65.23,3.186,4.019
madagascar,2023,506.159368687808,,,3.069,4.228
malawi,2015,539.605363240686,1.37791001796722,61.378,4.954,4.156
malawi,2016,450.506105510719,,62.209,5.007,3.97
malawi,2017,495.769683367165,0.872150123119354,62.977,5.039,3.587
malawi,2018,533.203173686705,,63.276,5.014,3.41
malawi,2019,580.889816066776,,64.119,4.966,3.53800010681152
malawi,2020,602.507478176106,1.32095003128052,63.717,5.728,3.6
malawi,2021,617.447520802454,,62.904,5.662,3.75
malawi,2022,604.269751184515,,62.898,5.037,3.495
malawi,2023,602.343619809252,,,5.033,3.421
malaysia,2015,9648.6797937523,,75.094,3.1,6.005
malaysia,2016,9476.53409809923,11.3100004196167,75.289,3.44,6.084
malaysia,2017,9862.54806612235,13.0671644210815,75.476,3.41,6.322
malaysia,2018,10901.8019954421,13.2122898101807,75.644,3.3,5.339
malaysia,2019,10920.191763972,12.3900003433228,75.76,3.26,5.38430023193359
malaysia,2020,9957.52626697613,14.0993814468384,75.938,4.54,5.384
malaysia,2021,10903.1116425938,16.4668369293213,74.884,4.64,5.711
malaysia,2022,11748.0919307944,14.5600004196167,76.26,3.93,6.012
malaysia,2023,11379.0861000632,,,3.869,5.975
maldives,2019,11740.2724029785,10.9565267562866,80.116,4.562,5.1975998878479
maldives,2020,7393.8886543933,,79.875,5.434,5.198
mali,2015,704.821646439506,2.65171003341675,58.363,1.401,4.073
mali,2016,730.85493818079,1.54111206531525,58.731,1.367,4.19
mali,2017,775.536492065709,1.63739514350891,59.132,1.494,4.447
mali,2018,835.086710561793,3.12717008590698,59.393,1.62,4.39
mali,2019,820.197390833912,3.09232997894287,59.664,3.29,4.72930002212524
mali,2020,804.343956745857,1.55999994277954,58.633,3.528,4.723
mali,2021,862.467400106111,,58.941,3.966,4.479
mali,2022,813.965034073188,3.81480407714844,59.417,2.387,4.198
mali,2023,869.270234286992,,,2.956,4.232
malta,2015,25481.8977555627,13.2799997329712,81.8975609756097,5.389,6.488
malta,2016,26409.6285858968,13.4899997711182,82.4536585365854,4.687,6.527
malta,2017,30259.3952629768,16.7203636169434,82.3463414634146,4.002,6.627
malta,2018,33332.1905601302,18.4200000762939,82.4487804878049,3.658,6.726
malta,2019,32412.2697818499,20.4621734619141,82.8585365853659,3.616,6.77279996871948
malta,2020,31796.8213417258,21.8400001525879,82.3487804878049,4.347,6.602
malta,2021,38027.3801730893,22.5654582977295,82.5073170731707,3.394,6.447
malta,2022,36142.2058531852,22.6174163818359,82.7,2.921,6.3
malta,2023,40395.7692064458,,,3.11,6.346
mauritania,2015,1554.94897871782,5.16966009140015,64.485,10.108,4.201
mauritania,2016,1565.76575722696,,64.768,10.283,4.292
mauritania,2017,1615.00401327323,4.71308898925781,65.083,10.336,4.356
mauritania,2018,1722.93528854073,,65.31,10.407,4.49
mauritania,2019,1767.072710621,2.92197418212891,65.687,10.416,4.37459993362427
mauritania,2020,1795.76459566714,,64.532,11.054,4.227
mauritania,2021,1947.78918383313,,64.364,11.144,4.153
mauritania,2022,1960.35240077424,,64.691,10.531,4.724
mauritania,2023,2120.82320358953,,,10.446,4.505
mauritius,2015,9507.87133656424,8.40093040466309,74.3531707317073,7.41,5.648
mauritius,2016,9965.72531085228,7.71900320053101,74.3948780487805,6.814,5.629
mauritius,2017,10841.6847754844,8.26654052734375,74.5146341463415,6.752,5.891
mauritius,2018,11643.4605962124,9.33039283752441,74.4163414634146,6.426,5.888
mauritius,2019,11403.2527870674,9.4877872467041,74.2358536585366,6.331,6.10129976272583
mauritius,2020,9011.04288445023,11.9311513900757,74.1770731707317,8.626,6.049
mauritius,2021,9068.97300226707,0.0,73.680243902439,7.719,6.071
mauritius,2022,10239.7970461095,,73.5146341463415,6.322,5.902
mauritius,2023,11613.0441587588,,,5.571,5.816
mexico,2015,10021.2386118827,14.7799997329712,74.682,4.311,6.778
mexico,2016,9097.92397674769,14.710000038147,74.412,3.853,6.578
mexico,2017,9649.27816772402,15.3699998855591,74.138,3.419,6.488
mexico,2018,10084.7937562021,16.0200004577637,74.015,3.275,6.595
mexico,2019,10369.5553568761,,74.202,3.477,6.46500015258789
mexico,2020,8841.27075003163,17.1299991607666,70.133,4.44,6.317
mexico,2021,10314.0506741437,,70.213,4.019,6.128
mexico,2022,11385.4070757929,,74.832,3.256,6.33
mexico,2023,13790.0243428344,,75.3,2.765,6.678
moldova,2015,2749.55137054338,19.3700008392334,69.24,1.742,5.897
moldova,2016,2847.08794770479,18.8268280029297,69.917,1.557,5.838
moldova,2017,3453.26727720294,18.9358177185059,70.516,1.586,5.64
moldova,2018,4156.44981956646,20.1200008392334,70.492,1.196,5.529
moldova,2019,4405.33418162155,20.0499992370605,70.935,1.466,5.60750007629395
moldova,2020,4375.7788930524,20.1900005340576,70.166,1.186,5.766
moldova,2021,5274.60582195352,20.4300003051758,68.846,0.785,5.857
moldova,2022,5738.42473515618,20.3899993896484,68.621,0.897,5.819
moldova,2023,6729.41286813969,20.9641456604004,,1.555,5.816
mongolia,2015,3838.92126989984,29.1100387573242,69.498,4.861,4.907
mongolia,2016,3619.90026383792,29.1731624603271,69.865,7.235,4.955
mongolia,2017,3645.96708669551,29.9934101104736,70.237,6.359,5.125
mongolia,2018,4107.64288528468,29.282169342041,71.199,5.377,5.285
mongolia,2019,4347.54610314873,31.90478515625,71.822,9.269,5.45620012283325
mongolia,2020,4001.25193077703,32.5999984741211,72.141,6.594,5.677
mongolia,2021,4517.61578018785,32.8566627502441,70.975,7.747,5.761
mongolia,2022,4993.51487463495,31.6441268920898,72.667,6.211,5.84
mongolia,2023,5838.63108083902,31.7103157043457,,5.503,5.696
montenegro,2015,6517.19267514764,16.9737663269043,76.4487804878049,17.555,5.161
montenegro,2016,7033.43962398373,19.2003726959229,76.4414634146341,17.732,5.237
montenegro,2017,7803.35824465203,19.3194942474365,76.4853658536585,16.082,5.347
montenegro,2018,8850.3749248372,21.4508209228516,76.8414634146342,15.19,5.523
montenegro,2019,8909.6538759126,19.7658882141113,76.6829268292683,15.128,5.54610013961792
montenegro,2020,7677.37132106817,19.5769786834717,75.9317073170732,17.878,5.581
montenegro,2021,9465.96153027794,59.2587928771973,73.8243902439024,16.543,5.547
montenegro,2022,10093.4387007266,61.090518951416,76.1878048780488,14.851,5.722
montenegro,2023,12221.4775546967,,,14.621,5.707
mozambique,2016,441.489734819071,,59.038,3.457,4.55
mozambique,2017,470.93856305196,1.83000004291534,59.771,3.539,4.417
mozambique,2018,517.507260258101,,60.526,3.604,4.466
mozambique,2019,519.09255091362,,61.166,3.646,4.62360000610352
mozambique,2020,462.433876479921,3.3199999332428,61.172,3.921,4.794
mozambique,2021,509.907829475551,,59.325,4.053,5.048
mozambique,2022,578.251663751351,3.0377299785614,59.625,3.596,4.954
mozambique,2023,622.985619320596,,,3.519,5.216
myanmar,2015,1166.73305546288,,65.561,0.766,4.395
myanmar,2016,1229.19713515893,,65.685,1.058,4.545
myanmar,2017,1272.82241830603,6.76923608779907,65.843,1.356,4.308
myanmar,2018,1298.21310320785,7.42544794082642,66.465,0.767,4.36
myanmar,2019,1425.98954211903,9.35000038146973,66.61,0.407,4.30800008773804
myanmar,2020,1490.21683548367,12.3559694290161,66.797,1.476,4.426
myanmar,2021,1242.72134419599,,65.672,4.34,4.394
myanmar,2022,1158.05005034332,,67.256,3.057,4.372
myanmar,2023,1233.19666209269,,,3.032,4.354
namibia,2015,4774.10650865775,,60.7,20.808,4.574
namibia,2016,4395.68776162376,9.27557563781738,61.682,23.352,4.574
namibia,2017,5143.96072323076,,62.293,21.733,4.441
namibia,2018,5308.60813408705,,62.586,19.877,4.639
namibia,2019,4731.9210318831,,63.075,19.921,4.57110023498535
namibia,2020,3878.58982993966,,62.829,21.004,4.574
namibia,2021,4412.8355693052,,59.269,20.922,4.459
namibia,2022,4349.04532248966,,58.059,19.695,4.631
namibia,2023,4168.28521087347,,,19.365,4.832
nepal,2015,875.543635474862,,67.456,10.644,4.793
nepal,2016,877.256454696737,,68.776,10.742,4.962
nepal,2017,1034.28374906846,5.81882381439209,68.91,10.66,4.88
nepal,2018,1179.19843190389,,68.979,10.559,4.913
nepal,2019,1203.14294706401,,69.558,10.389,5.13719987869263
nepal,2020,1154.21517578318,,69.246,12.975,5.269
nepal,2021,1252.75076731986,,68.45,12.186,5.377
nepal,2022,1385.91066275016,,70.484,10.844,5.36
nepal,2023,1377.62603571292,,,10.628,5.158
netherlands,2015,45793.8135434697,28.8700008392334,81.509756097561,6.872,7.339
netherlands,2016,46808.5291492503,29.4099998474121,81.5609756097561,6.007,7.377
netherlands,2017,49513.6817346384,30.2854919433594,81.7609756097561,4.837,7.441
netherlands,2018,53955.0770024266,31.0900001525879,81.8121951219512,3.832,7.488
netherlands,2019,53554.9007491475,32.7396507263184,82.1121951219512,3.379,7.44890022277832
netherlands,2020,53467.9277413737,34.7700004577637,81.3585365853659,3.82,7.464
netherlands,2021,60141.9880911492,35.5119667053223,81.309756097561,4.209,7.415
netherlands,2022,59123.318556487,36.6276969909668,81.7146341463415,3.526,7.403
netherlands,2023,64572.0059558854,,82.0,3.537,7.319
new zealand,2015,38639.3501941427,25.8600006103516,81.6124390243903,5.415,7.334
new zealand,2016,40070.8956577431,28.1000003814697,81.6585365853659,5.147,7.314
new zealand,2017,42913.186956185,29.7358131408691,81.8585365853659,4.736,7.324
new zealand,2018,43228.6976473771,31.2374534606934,81.7073170731707,4.335,7.307
new zealand,2019,42747.2099299966,31.6728115081787,82.0560975609756,4.109,7.29960012435913
new zealand,2020,41785.6922905898,32.2799987792969,82.2560975609756,4.595,7.277
new zealand,2021,49624.1816729553,,82.2073170731707,3.776,7.2
new zealand,2022,48216.5095836302,,82.7609756097561,3.297,7.123
new zealand,2023,48280.8114166238,,,3.729,7.029
nicaragua,2015,2074.45446460028,,72.983,4.7,5.992
nicaragua,2016,2131.68828465802,,73.256,3.9,6.071
nicaragua,2017,2182.61875100395,,73.554,3.3,6.141
nicaragua,2018,2035.16750115975,,73.85,5.2,6.105
nicaragua,2019,1958.62132892996,,74.054,5.472,6.13710021972656
nicaragua,2020,1931.61515811642,,71.795,6.201,5.972
nicaragua,2021,2128.60980633198,20.2939605712891,73.837,6.118,6.165
nicaragua,2022,2325.16737851871,,74.615,4.961,6.259
nicaragua,2023,2612.87066241288,,,4.716,6.284
niger,2015,485.662574175279,,61.083,0.553,3.856
niger,2016,502.706475406446,,61.629,0.548,4.028
niger,2017,521.804130023434,1.16503775119781,62.16,0.554,4.166
niger,2018,578.568035680892,0.941160023212433,62.454,0.535,4.628
niger,2019,561.691304349698,1.09039509296417,62.897,0.531,4.90959978103638
niger,2020,579.512495758236,,61.451,0.594,5.074
niger,2021,608.722439593808,,61.576,0.78,5.003
niger,2022,609.745147574878,1.14498543739319,62.08,0.418,4.501
niger,2023,642.937917863471,,,0.425,4.556
nigeria,2015,2585.73360671797,,51.841,4.135,4.875
nigeria,2016,2070.4127339595,5.93782997131348,52.043,4.499,5.074
nigeria,2017,1876.34027111773,,52.305,4.828,5.155
nigeria,2018,2057.87944554011,8.14807987213135,52.554,5.067,5.265
nigeria,2019,2265.15520863056,6.57126998901367,52.91,5.206,4.72410011291504
nigeria,2020,2019.65706326224,,52.887,5.742,4.759
nigeria,2021,2017.27486481527,10.9653997421265,52.676,5.45,4.552
nigeria,2022,2139.37478476974,3.47727274894714,53.633,3.821,4.981
nigeria,2023,1596.63696129001,,,3.074,4.881
north macedonia,2015,5262.68671928674,15.2407369613647,75.4024390243902,26.395,5.121
north macedonia,2016,5598.48622617967,17.0363025665283,75.4,24.312,5.175
north macedonia,2017,5955.2973863451,17.2211837768555,75.9536585365854,22.857,5.185
north macedonia,2018,6713.98925398989,21.1261196136475,76.6487804878049,21.208,5.274
north macedonia,2019,6718.85826635458,17.53786277771,76.6024390243903,17.414,5.15980005264282
north macedonia,2020,6659.59651070776,21.6800003051758,74.3951219512195,16.575,5.101
north macedonia,2021,7620.80296977508,19.3952503204346,73.2463414634146,15.801,5.199
north macedonia,2022,7606.2375253797,19.8216209411621,74.4248780487805,14.476,5.254
north macedonia,2023,8624.29360948531,21.0402164459229,,13.174,5.369
norway,2015,74809.9658049898,26.6499996185303,82.3048780487805,4.296,7.498
norway,2016,70867.3609970749,27.3299999237061,82.4073170731707,4.68,7.537
norway,2017,76131.8384032764,28.0699996948242,82.609756097561,4.164,7.594
norway,2018,82792.8427113304,30.0355529785156,82.7585365853659,3.801,7.554
norway,2019,76430.5889473338,29.2900009155273,82.9585365853659,3.684,7.48799991607666
norway,2020,68340.0181033702,32.1195335388184,83.209756097561,4.424,7.392
norway,2021,93072.8925119571,30.4537925720215,83.1634146341463,4.359,7.365
norway,2022,108798.451165901,31.1733207702637,82.5609756097561,3.231,7.315
norway,2023,87925.0944188399,,,3.572,7.302
pakistan,2015,1380.47020838317,8.06536197662354,65.697,3.566,5.132
pakistan,2016,1424.69161195897,16.1812782287598,65.88,2.285,5.269
pakistan,2017,1519.23459514248,8.64999961853027,66.297,3.215,5.472
pakistan,2018,1569.33814626355,3.17000007629395,66.482,4.083,5.653
pakistan,2019,1390.41690981745,4.15000009536743,66.756,4.83,5.69329977035522
pakistan,2020,1278.39735206896,,66.269,6.127,4.934
pakistan,2021,1455.31922370186,8.62528419494629,66.098,6.338,4.516
pakistan,2022,1538.3228133171,,66.431,5.485,4.555
pakistan,2023,1365.27743222493,,,5.408,4.657
panama,2015,14082.6548502728,,77.468,4.335,6.701
panama,2016,14832.3611608191,,77.653,4.717,6.452
panama,2017,15694.6297454295,,77.795,5.338,6.43
panama,2018,16151.3273478476,,77.863,5.161,6.321
panama,2019,16477.9066285687,19.6299991607666,77.81,6.256,6.30480003356934
panama,2020,13290.5608347594,,76.657,14.663,6.18
panama,2021,15509.8069109784,,76.223,10.177,6.309
panama,2022,17332.4360742988,16.2066173553467,76.826,8.086,6.265
panama,2023,18686.4050961265,16.1276836395264,,6.544,6.358
paraguay,2015,5879.33792308671,12.8000001907349,73.191,4.556,5.538
paraguay,2016,5775.1596339946,12.3500003814697,73.534,5.255,5.493
paraguay,2017,6152.26711537703,,73.644,6.138,5.681
paraguay,2018,6258.44991640954,13.0200004577637,73.568,6.217,5.743
paraguay,2019,5821.18199548637,13.9899997711182,73.621,6.595,5.69210004806519
paraguay,2020,5365.47220721191,14.1899995803833,73.182,7.548,5.653
paraguay,2021,5976.9317978996,,70.262,7.311,5.578
paraguay,2022,6205.62595379319,,70.475,6.755,5.738
paraguay,2023,6276.35113919957,,,5.794,5.977
philippines,2015,2909.85818014474,,71.268,3.068,5.279
philippines,2016,2985.19564020101,,71.387,2.695,5.43
philippines,2017,3038.12124955619,16.0200004577637,71.516,2.552,5.524
philippines,2018,3168.51036606257,,71.689,2.338,5.631
philippines,2019,3400.78949772302,24.4099998474121,71.865,2.237,6.00600004196167
philippines,2020,3227.57910235199,20.3400001525879,72.119,2.522,5.88
philippines,2021,3484.38593882819,21.7091598510742,69.266,3.398,5.904
philippines,2022,3548.06930572116,18.075719833374,72.187,2.598,5.523
philippines,2023,3804.8725797521,,,2.222,6.048
poland,2015,12637.5220324406,24.2688179016113,77.4512195121951,7.475,5.835
poland,2016,12464.0110508476,24.9500007629395,77.8512195121951,6.141,5.973
poland,2017,13913.3402919927,25.8786201477051,77.7536585365854,4.867,6.123
poland,2018,15658.2120316794,26.4762535095215,77.6024390243903,3.835,6.182
poland,2019,15874.5220531254,27.2586536407471,77.9048780487805,3.267,6.1862998008728
poland,2020,15987.5753654045,28.0100002288818,76.5,3.155,6.166
poland,2021,18635.5104895754,28.2374706268311,75.5024390243902,3.268,6.123
poland,2022,18891.2121169279,28.645357131958,77.3048780487805,2.811,6.26
poland,2023,22056.6661704127,,78.6,2.743,6.442
portugal,2015,19215.7813014347,18.1800003051758,81.1243902439025,12.447,5.123
portugal,2016,19980.2808866516,19.0,81.1243902439025,11.068,5.195
portugal,2017,21442.3842768879,19.25,81.4243902439025,8.869,5.41
portugal,2018,23541.1401075289,18.6499996185303,81.3243902439024,6.994,5.693
portugal,2019,23343.3628970034,20.7199993133545,81.6756097560976,6.464,5.9109001159668
portugal,2020,22299.4044062173,22.5100002288818,80.9756097560976,6.801,5.929
portugal,2021,24711.4510062111,25.0265216827393,81.3780487804878,6.577,6.016
portugal,2022,24620.519556875,25.3610610961914,81.5804878048781,6.011,5.968
portugal,2023,27331.2094945255,23.9583301544189,82.4,6.509,6.03
puerto rico,2015,29763.4883013861,,79.695,12.0,7.039
qatar,2015,68985.2946961507,17.8108100891113,80.064,0.17,6.375
qatar,2016,61253.6375482797,18.8799991607666,80.433,0.15,6.375
qatar,2017,63279.8556949332,19.0300006866455,80.717,0.14,6.374
qatar,2018,71039.8490579352,19.974573135376,80.898,0.11,6.374
romania,2015,8977.01748158196,14.0779943466187,74.9121951219512,6.812,5.528
romania,2016,9404.54005870715,14.2660112380981,75.209756097561,5.901,5.825
romania,2017,10727.9822007426,14.3637037277222,75.209756097561,4.927,5.945
romania,2018,12502.2624061935,14.5098524093628,75.3585365853659,4.187,6.07
romania,2019,12992.0326104674,14.786021232605,75.6073170731707,3.912,6.12370014190674
romania,2020,13082.3006559554,15.137565612793,74.2536585365854,5.035,6.14
romania,2021,14986.7854904274,13.9771289825439,72.809756097561,5.59,6.477
romania,2022,15557.8826247584,15.2834615707397,75.3048780487805,5.614,6.589
romania,2023,18404.2730871704,,76.6,5.589,6.491
russian federation,2015,9277.7138671875,,71.1834146341463,5.615,5.856
russian federation,2016,8663.158203125,,71.6512195121951,5.591,5.963
russian federation,2017,10658.9130859375,,72.4514634146342,5.238,5.81
russian federation,2018,11211.8876953125,,72.6621951219512,4.871,5.648
russian federation,2019,11447.701171875,,73.0839024390244,4.513,5.5460000038147
russian federation,2020,10108.3271484375,,71.3387804878049,5.62,5.477
russian federation,2021,12521.5224609375,41.2200012207031,69.900243902439,4.749,5.459
russian federation,2022,15445.2421875,,72.5456097560976,3.867,5.661
russian federation,2023,13817.0458984375,,,3.076,5.785
rwanda,2015,733.998585018273,2.20666003227234,65.298,11.838,3.515
rwanda,2016,729.519154199595,,65.737,11.801,3.471
rwanda,2017,758.301002985965,5.61589050292969,65.941,11.875,3.408
rwanda,2018,771.773521962568,4.13000011444092,66.251,10.759,3.334
rwanda,2019,810.051420243718,6.01935720443726,66.437,11.236,3.31229996681213
rwanda,2020,778.701538550324,3.30790996551514,66.774,11.829,3.415
rwanda,2021,828.833032800998,5.86872100830078,66.072,15.775,3.268
saudi arabia,2015,22453.571552265,,76.918,5.6,6.379
saudi arabia,2016,21515.6600083775,,77.064,5.6,6.344
saudi arabia,2017,23081.2045336558,25.9799995422363,77.16,5.89,6.371
saudi arabia,2018,28036.0264674095,,77.212,6.029,6.375
saudi arabia,2019,27892.8421521179,,77.304,5.636,6.4064998626709
saudi arabia,2020,23271.4037647084,31.0499992370605,76.239,7.66,6.494
saudi arabia,2021,28396.0864182336,31.1062126159668,76.936,6.621,6.523
saudi arabia,2022,34454.1957708412,31.3336486816406,77.905,5.589,6.463
saudi arabia,2023,32093.9622984711,30.8887481689453,,4.008,6.594
senegal,2015,1218.00613555438,2.51695990562439,66.879,6.757,4.219
senegal,2016,1266.43957151587,3.62067008018494,67.497,4.455,4.535
senegal,2017,1356.80518449031,2.75999999046326,67.75,4.078,4.631
senegal,2018,1452.55612562445,3.16594004631042,68.097,3.455,4.681
senegal,2019,1431.18128932159,3.64053988456726,68.526,2.863,4.98080015182495
senegal,2020,1461.08720350553,,68.006,3.437,5.132
senegal,2021,1598.10676952274,,67.093,3.44,5.046
senegal,2022,1564.74522071584,4.90400886535645,67.913,2.837,4.855
senegal,2023,1706.44218024762,,,2.8,4.969
serbia,2015,5820.3215576888,13.5799999237061,75.2878048780488,17.66,5.177
serbia,2016,5982.37030126471,14.5100002288818,75.6878048780488,15.257,5.395
serbia,2017,6548.03653824187,14.8999996185303,75.5390243902439,13.477,5.398
serbia,2018,7559.86165747394,15.4879369735718,75.890243902439,12.733,5.603
serbia,2019,7755.632986437,15.5200004577637,75.9365853658537,10.395,5.77820014953613
serbia,2020,8098.70955668849,16.2851524353027,74.4780487804878,9.011,6.078
serbia,2021,9680.52798074468,16.9075469970703,72.780487804878,9.843,6.178
serbia,2022,10022.9688543402,17.0843830108643,75.4821951219512,8.439,6.144
serbia,2023,12281.5058488303,18.6692008972168,,8.268,6.411
sierra leone,2015,945.148168480629,,57.189,4.606,4.635
sierra leone,2016,838.631615328371,,58.404,4.294,4.709
sierra leone,2017,788.486867334833,2.14157009124756,58.652,3.834,4.571
sierra leone,2018,845.914540460932,1.90912628173828,59.796,3.192,4.374
sierra leone,2019,843.71251730417,1.95823001861572,60.255,3.203,3.92639994621277
sierra leone,2020,845.313836261458,,59.763,3.508,3.849
sierra leone,2021,885.184270659578,,60.062,3.556,3.574
sierra leone,2022,860.130884035452,,60.411,3.175,3.138
sierra leone,2023,757.85833603088,,,3.153,3.245
singapore,2015,55645.6068614606,28.2099990844727,82.7439024390244,3.79,6.739
singapore,2016,56899.9181805173,29.1299991607666,82.8463414634146,4.08,6.572
singapore,2017,61162.0973932771,30.7099990844727,83.0951219512195,4.2,6.343
singapore,2018,66840.6373389791,31.6000003814697,83.2975609756098,3.613,6.262
singapore,2019,66081.7199235165,32.3699989318848,83.5951219512195,3.1,6.37709999084473
singapore,2020,61466.803676358,32.9799995422363,83.5439024390244,4.1,6.377
singapore,2021,79601.4129622433,36.060001373291,83.0926829268293,4.64,6.48
singapore,2022,88428.7024226232,36.189998626709,82.8951219512195,3.591,6.587
singapore,2023,84734.2559206054,,,3.444,6.523
slovak republic,2015,16442.0760860018,18.9200000762939,76.5634146341463,11.492,6.078
slovak republic,2016,16636.0769133073,19.6399993896484,77.1658536585366,9.679,6.098
slovak republic,2017,17645.5298716761,20.6800003051758,77.1658536585366,8.142,6.173
slovak republic,2018,19573.3717031314,21.8899993896484,77.2658536585366,6.544,6.198
slovak republic,2019,19406.0589683582,22.8600006103516,77.6658536585366,5.761,6.28060007095337
slovak republic,2020,19735.4858280801,23.6204929351807,76.8658536585366,6.719,6.331
slovak republic,2021,22138.1949833348,24.5144329071045,74.6146341463415,6.894,6.391
slovak republic,2022,21342.7666714692,25.8375110626221,77.0658536585366,6.143,6.469
slovak republic,2023,24491.3771867262,,78.1,5.84,6.257
slovenia,2015,20697.2748530619,18.8099994659424,80.7756097560976,8.962,5.768
slovenia,2016,21447.8377796036,19.6399993896484,81.1756097560976,8.0,5.758
slovenia,2017,23303.077705959,20.6800003051758,81.0292682926829,6.564,5.948
slovenia,2018,25888.0481065655,20.6114616394043,81.3780487804878,5.108,6.118
slovenia,2019,25814.1687167572,21.5100002288818,81.5292682926829,4.446,6.36339998245239
slovenia,2020,25392.0651093612,23.6385955810547,80.5317073170732,4.971,6.461
slovenia,2021,29187.369382785,26.5943374633789,80.6756097560976,4.744,6.63
slovenia,2022,28373.8382265999,26.0893592834473,81.2829268292683,4.011,6.65
slovenia,2023,32610.110922729,,82.0,3.652,6.743
somalia,2015,445.583078625015,,54.857,18.597,5.44
somalia,2016,460.928491979039,,55.044,18.578,5.151
somalia,2017,510.939952988052,,55.654,18.523,4.982
somalia,2018,509.525802439801,,56.375,18.738,4.668
south africa,2015,6112.27382485974,6.07000017166138,63.95,25.149,4.459
south africa,2016,5651.20585165749,8.25026321411133,64.747,26.536,4.829
south africa,2017,6618.33508255701,8.25,65.402,27.035,4.724
south africa,2018,6914.1780318076,11.1089563369751,65.674,26.906,4.722
south africa,2019,6533.71121032856,8.02000045776367,66.175,28.468,4.81409978866577
south africa,2020,5580.60383075189,7.68192005157471,65.252,29.217,4.956
south africa,2021,6843.39941886204,12.960000038147,62.341,34.007,5.194
south africa,2022,6523.41097815853,11.4343910217285,61.48,33.268,5.275
south africa,2023,6022.5425418935,12.2000169754028,,32.098,5.422
spain,2015,25969.8383138327,20.4723052978516,82.8317073170732,22.057,6.361
spain,2016,26740.6851818829,20.9400005340576,83.3292682926829,19.635,6.403
spain,2017,28367.9392609439,21.4282608032227,83.2829268292683,17.224,6.31
spain,2018,30592.1264795541,21.9400005340576,83.4317073170732,15.255,6.354
spain,2019,29776.2011500384,23.0202732086182,83.8317073170732,14.104,6.40089988708496
spain,2020,27230.3599933583,23.5799999237061,82.3317073170732,15.532,6.491
spain,2021,30817.6828559001,24.6002025604248,83.2292682926829,14.781,6.476
spain,2022,30287.3657583614,24.706615447998,83.0829268292683,12.917,6.436
spain,2023,33509.0127982139,,84.0,12.179,6.421
sri lanka,2015,4060.13139670248,0.851821422576904,74.927,4.519,4.415
sri lanka,2016,4149.76105454457,0.797130823135376,75.331,4.242,4.44
sri lanka,2017,4401.05567045499,0.665928065776825,75.403,4.046,4.471
sri lanka,2018,4360.58473469252,0.684106409549713,75.748,4.318,4.366
sri lanka,2019,4082.69404871533,0.746383011341095,76.008,4.67,4.3270001411438
sri lanka,2020,3846.17449566736,0.692696988582611,76.393,5.364,4.325
sri lanka,2021,3999.33764677637,0.75661712884903,76.399,4.981,4.362
sri lanka,2022,3342.71989646203,0.911603033542633,76.61,4.528,4.442
sri lanka,2023,3827.96495637489,,,5.997,3.898
sudan,2015,1292.37963867188,,64.659,14.347,4.139
sudan,2016,1033.21594238281,,64.78,13.606,4.139
sudan,2017,966.505676269531,,65.445,12.953,4.139
suriname,2015,8813.61705392067,,70.8,7.22,6.269
sweden,2015,51197.9529341175,23.0,82.2048780487805,7.432,7.291
sweden,2016,51820.3972482676,23.4799995422363,82.3073170731707,6.99,7.284
sweden,2017,53300.8587281785,23.9400005340576,82.409756097561,6.718,7.314
sweden,2018,54181.9069780904,30.9937076568604,82.5585365853659,6.365,7.343
sweden,2019,51773.0464558993,25.0799999237061,83.109756097561,6.833,7.35349988937378
sweden,2020,52653.7565934247,32.5396308898926,82.3560975609756,8.291,7.363
sweden,2021,61174.9680215622,32.6667137145996,83.0560975609756,8.722,7.384
sweden,2022,55296.9371472535,33.6940689086914,83.109756097561,7.392,7.395
sweden,2023,55516.836477474,,83.4,7.611,7.344
switzerland,2015,83806.4476003837,35.4598159790039,82.8975609756098,4.801,7.509
switzerland,2016,82153.0745447889,36.604320526123,83.6024390243903,4.918,7.494
switzerland,2017,82254.3769269767,37.8640937805176,83.5512195121951,4.797,7.487
switzerland,2018,85217.3691512274,38.9846878051758,83.7536585365854,4.713,7.48
switzerland,2019,84121.9310304414,39.5556106567383,83.9048780487805,4.394,7.55989980697632
switzerland,2020,85897.7843338323,40.4104690551758,83.0,4.817,7.571
switzerland,2021,93446.4344518943,40.1155204772949,83.7512195121951,5.013,7.512
switzerland,2022,93245.7952120851,40.0153961181641,83.4536585365854,4.122,7.24
switzerland,2023,99564.710026145,41.2647743225098,84.2,4.043,7.06
tajikistan,2015,956.916310930656,,69.306,11.485,4.996
tajikistan,2016,788.710481734485,13.4074630737305,69.549,11.5,5.041
tajikistan,2017,829.45714764957,12.0100002288818,69.905,11.487,5.352
tajikistan,2018,834.288404578801,,70.353,11.437,5.467
tajikistan,2019,871.022372934846,,70.867,11.419,5.55569982528687
tajikistan,2020,834.311715460625,,67.994,12.321,5.466
tajikistan,2021,896.748053372182,,71.594,12.333,5.377
tajikistan,2022,1052.17949484894,,71.288,11.634,5.33
tajikistan,2023,1160.81187026311,,,11.546,5.281
tanzania,2015,939.127319335938,1.6764999628067,64.651,2.159,3.666
tanzania,2016,953.0107421875,,65.386,2.23,3.349
tanzania,2017,986.674011230469,,65.999,2.303,3.303
tanzania,2018,1023.10626220703,1.41936004161835,66.535,2.393,3.231
tanzania,2019,1063.32250976563,,66.989,2.496,3.47620010375977
tanzania,2020,1117.41528320313,1.57470774650574,66.408,2.781,3.623
tanzania,2021,1159.85656738281,,66.201,2.821,3.702
tanzania,2022,1207.85302734375,2.31976008415222,66.782,2.588,3.694
tanzania,2023,1224.48962402344,,,2.582,3.781
thailand,2015,5688.85335397884,,77.717,0.597,6.474
thailand,2016,5833.57715617098,14.8100004196167,78.049,0.688,6.424
thailand,2017,6413.09182530343,,78.394,0.83,6.072
thailand,2018,7099.77650081458,14.9399995803833,78.662,0.765,6.008
thailand,2019,7605.69657797759,15.6300001144409,78.975,0.716,5.9987998008728
thailand,2020,6985.64393892574,,79.274,1.099,5.985
thailand,2021,7058.0694998852,,78.715,1.215,5.891
thailand,2022,6909.35997481451,17.3500003814697,79.68,0.94,5.843
thailand,2023,7182.02525812415,,,0.733,5.976
togo,2015,751.052405084336,5.65889358520508,59.396,2.204,3.303
togo,2016,772.581787093976,,59.55,2.968,3.495
togo,2017,792.765487219069,3.10193991661072,60.154,3.744,3.999
togo,2018,851.130806891807,,60.244,2.898,4.085
togo,2019,826.260654099894,3.80260682106018,60.901,2.036,4.18720006942749
togo,2020,853.578220263722,,61.035,2.225,4.107
togo,2021,939.613373786407,,61.619,2.333,4.112
togo,2022,898.758154410712,5.88405132293701,61.588,1.965,4.137
togo,2023,985.697512629974,,,1.948,4.214
tunisia,2015,4014.94773686432,,75.692,15.159,5.045
tunisia,2016,3847.80354448809,,75.786,15.557,4.805
tunisia,2017,3619.03247319953,,75.845,15.33,4.592
tunisia,2018,3628.10366464236,13.3981304168701,75.95,15.459,4.461
tunisia,2019,3528.87213306798,13.8788766860962,75.993,17.153,4.39219999313354
tunisia,2020,3548.65363663803,,75.292,17.656,4.596
tunisia,2021,3885.28166485296,,73.772,16.611,4.516
tunisia,2022,3678.40023411347,12.8028297424316,74.263,15.3,4.497
tunisia,2023,3977.69516639644,,,15.106,4.422
turkiye,2015,11049.9951100942,10.5960102081299,76.646,10.304,5.389
turkiye,2016,10970.0458948862,11.4939594268799,76.66,10.899,5.5
turkiye,2017,10695.550196231,12.0233488082886,77.141,10.919,5.483
turkiye,2018,9568.83506330228,12.4488391876221,77.563,10.956,5.373
turkiye,2019,9215.44049888114,13.2090663909912,77.832,13.73,5.13180017471313
turkiye,2020,8638.73903848102,14.2070665359497,75.85,13.148,4.948
turkiye,2021,9743.21277804855,20.4976119995117,76.032,11.969,4.744
turkiye,2022,10674.504157865,20.9415740966797,78.475,10.465,4.614
turkiye,2023,13105.6585678319,,,9.388,4.975
turkmenistan,2015,5759.497903834,10.1430797576904,68.782,4.016,5.658
turkmenistan,2016,5686.98040962764,,68.777,4.031,5.822
turkmenistan,2017,5828.4816623489,,68.916,4.044,5.636
turkmenistan,2018,6125.05169712085,,68.796,4.044,5.247
turkmenistan,2019,6648.0348960628,13.8386697769165,69.002,4.043,5.11910009384155
turkmenistan,2020,6592.60146027748,,68.687,4.501,5.066
turkmenistan,2021,7051.20211079213,,69.264,4.459,5.474
uganda,2015,862.934610355811,,61.086,2.679,3.739
uganda,2016,752.696571725656,0.940330028533936,61.648,3.008,4.081
uganda,2017,765.218332297361,2.92620801925659,62.115,3.428,4.161
uganda,2018,792.16570022814,,62.714,3.25,4.189
uganda,2019,822.057058189153,4.25233602523804,62.991,3.06,4.43200016021729
uganda,2020,845.766463890124,,62.851,3.831,4.636
uganda,2021,882.791717542504,4.43540859222412,62.705,3.422,4.603
uganda,2022,963.067314117178,,63.638,2.886,4.432
uganda,2023,1002.30913917142,,,2.787,4.372
united arab emirates,2015,43534.9972681733,,79.223,1.793,6.573
united arab emirates,2016,41326.4018161834,31.6900005340576,79.335,1.64,6.648
united arab emirates,2017,42340.5917145576,46.560001373291,79.504,2.462,6.774
united arab emirates,2018,45689.8570040215,47.2900009155273,79.627,2.236,6.825
united arab emirates,2019,44251.4541390148,46.6300010681152,79.726,2.331,6.79080009460449
united arab emirates,2020,37173.8754100281,,78.946,4.294,6.561
united arab emirates,2021,43360.0211014806,47.1800003051758,78.71,3.105,6.576
united arab emirates,2022,49899.0652978649,51.0699996948242,79.196,2.872,6.571
united arab emirates,2023,49040.6947525825,,,2.151,6.733
united kingdom,2015,44964.3911437292,25.1243190765381,80.9560975609756,5.517,6.725
united kingdom,2016,40985.2351382417,26.1183948516846,81.1560975609756,4.867,6.714
united kingdom,2017,40572.1214823783,33.9199981689453,81.2560975609756,4.452,6.814
united kingdom,2018,43203.8141057739,27.8820743560791,81.2560975609756,4.12,7.054
united kingdom,2019,42662.5353740311,29.0026969909668,81.4048780487805,3.613,7.16450023651123
united kingdom,2020,40201.6812422928,37.2799987792969,80.3512195121951,4.472,7.064
united kingdom,2021,46896.8662432834,39.5900001525879,80.7,4.826,6.943
united kingdom,2022,45935.9276473925,35.85205078125,82.0585365853659,3.73,6.796
united kingdom,2023,49463.8554617343,37.1295585632324,,3.984,6.749
united states,2015,57040.2082136605,32.5,78.690243902439,5.28,7.104
united states,2016,58206.6141931844,33.439998626709,78.5390243902439,4.869,6.993
united states,2017,60322.2614241747,32.0158805847168,78.5390243902439,4.355,6.886
united states,2018,63201.0458483771,34.9900016784668,78.6390243902439,3.896,6.892
united states,2019,65604.6815198734,36.0551528930664,78.7878048780488,3.669,6.93959999084473
united states,2020,64411.3731779373,37.5200004577637,76.9804878048781,8.055,6.951
united states,2021,71318.3073592183,35.0492286682129,76.3292682926829,5.349,6.977
united states,2022,78035.1753604212,37.6599998474121,77.4341463414634,3.65,6.894
united states,2023,82769.4122114216,38.5680274963379,,3.638,6.725
uruguay,2015,17125.9016800298,10.5,77.483,7.488,6.545
uruguay,2016,17009.7586944503,10.460000038147,77.571,7.841,6.454
uruguay,2017,19184.6626659717,11.3400001525879,77.625,7.89,6.379
uruguay,2018,19249.9401532664,11.4700002670288,77.611,8.336,6.293
uruguay,2019,18315.7352857194,11.8400001525879,77.508,8.836,6.44010019302368
uruguay,2020,15789.6857422214,,78.43,10.413,6.431
uruguay,2021,17888.211510172,,75.436,9.328,6.474
uruguay,2022,20691.9738991763,22.0100002288818,78.0,7.877,6.494
uruguay,2023,22797.8111731861,,,8.355,6.611
uzbekistan,2015,2803.19018021751,15.8000001907349,70.475,5.15,5.987
uzbekistan,2016,2753.37951427589,16.3199996948242,70.755,5.16,5.971
uzbekistan,2017,2190.60411562888,,71.01,5.83,6.096
uzbekistan,2018,1813.08530813664,16.2999992370605,71.149,5.389,6.174
uzbekistan,2019,2041.38480729431,16.4300003051758,71.344,4.932,6.25759983062744
uzbekistan,2020,1978.28051860763,,70.331,5.293,6.179
uzbekistan,2021,2258.51964119278,16.4500007629395,70.862,5.364,6.063
uzbekistan,2022,2578.66689394219,16.8500003814697,71.674,4.49,6.014
uzbekistan,2023,2849.51461071911,,,4.46,6.195
viet nam,2015,2577.56885340113,,73.876,1.848,5.061
viet nam,2016,2735.0604380416,,73.938,1.848,5.074
viet nam,2017,2956.10992127753,,73.963,1.874,5.103
viet nam,2018,3222.31003125366,,73.976,1.161,5.175
viet nam,2019,3440.90025375434,10.25,74.093,1.681,5.35349988937378
viet nam,2020,3534.03953482647,10.3575077056885,75.378,2.103,5.411
viet nam,2021,3704.1935590038,10.2703876495361,73.618,2.385,5.485
viet nam,2022,4116.38576094153,11.5200004577637,74.58,1.523,5.763
viet nam,2023,4282.08851724506,11.2206144332886,,1.645,6.043
zambia,2015,1295.87788680068,,61.208,5.942,4.795
zambia,2016,1239.08527877713,,61.794,5.239,4.514
zambia,2017,1483.46577328065,1.58607089519501,62.12,4.529,4.377
zambia,2018,1463.89997855593,1.8147200345993,62.342,5.033,4.107
zambia,2019,1258.98619844462,2.25983357429504,62.793,5.542,3.75939989089966
zambia,2020,951.644316655957,3.26121473312378,62.38,6.033,4.073
zambia,2021,1127.16077872857,2.3370246887207,61.223,5.199,3.76
zambia,2022,1447.12310138035,2.71212387084961,61.803,5.995,3.982
zambia,2023,1330.72780576709,,,5.905,3.502
zimbabwe,2015,1386.42284717709,6.95983982086182,59.591,5.377,4.193
zimbabwe,2016,1407.41536437554,,60.306,5.886,3.875
zimbabwe,2017,3448.08253696926,3.25,60.709,6.344,3.692
zimbabwe,2018,2271.8533351306,,61.414,6.793,3.663
zimbabwe,2019,1684.02790388182,5.70975017547607,61.292,7.373,3.2992000579834
zimbabwe,2020,1730.41348946953,,61.124,8.621,3.145
zimbabwe,2021,1724.38773104902,0.959930837154388,59.253,9.54,2.995
zimbabwe,2022,2040.55245910726,0.91387802362442,59.391,10.087,3.204
zimbabwe,2023,2156.0340040333,,,8.759,3.341
