Country,Year,GDP_per_capita
aruba,2015,27458.2253310273
africa eastern and southern,2015,1479.56412348117
afghanistan,2015,565.569730408751
africa western and central,2015,1845.76780421108
angola,2015,3213.90261080059
albania,2015,3952.80357364813
andorra,2015,38654.9347203095
united arab emirates,2015,43534.9972681733
argentina,2015,13679.6264980954
armenia,2015,3512.39350276709
american samoa,2015,12727.4102651386
antigua and barbuda,2015,16080.6580495873
australia,2015,56739.0265346593
austria,2015,43915.228020857
azerbaijan,2015,5500.50364628486
burundi,2015,280.966831311923
belgium,2015,40893.804537772
benin,2015,1002.41886882564
burkina faso,2015,630.124750752312
bangladesh,2015,1224.38647668165
bulgaria,2015,7078.86032298969
bahrain,2015,23734.0551143019
"bahamas, the",2015,30289.4022514831
bosnia and herzegovina,2015,4662.25883724069
belarus,2015,5967.06856034227
belize,2015,6154.49593498217
bermuda,2015,104855.366822135
bolivia,2015,2996.01289804214
brazil,2015,8936.19661756825
barbados,2015,18954.2913724506
brunei darussalam,2015,30625.128732694
bhutan,2015,2954.04081973327
botswana,2015,6141.20394726616
central african republic,2015,366.322853938121
canada,2015,43594.1941045394
central europe and the baltics,2015,12568.2965059245
switzerland,2015,83806.4476003837
channel islands,2015,61852.0736534587
chile,2015,13433.9202985339
china,2015,8016.44559489998
cote d'ivoire,2015,1814.71855088017
cameroon,2015,1415.00009710569
"congo, dem. rep.",2015,467.9145805459
"congo, rep.",2015,2439.35189403696
colombia,2015,6248.51490534512
comoros,2015,1329.37048235986
cabo verde,2015,3415.06266730931
costa rica,2015,11714.7105980732
cuba,2015,7727.91997207998
curacao,2015,19361.8130008678
cayman islands,2015,76379.2095108681
cyprus,2015,23487.228515625
czechia,2015,17931.5987670768
germany,2015,41911.0109851054
djibouti,2015,2376.12554719873
dominica,2015,7679.83293618857
denmark,2015,53094.0133607574
dominican republic,2015,6819.93225155181
algeria,2015,4685.05902729002
east asia & pacific,2015,9562.10616350756
ecuador,2015,5976.1596805651
"egypt, arab rep.",2015,3306.98159414141
spain,2015,25969.8383138327
estonia,2015,17722.1557669523
ethiopia,2015,621.845673808133
finland,2015,42560.3456767103
fiji,2015,5097.53108832569
france,2015,36702.4323733379
faroe islands,2015,52635.0375463609
"micronesia, fed. sts.",2015,2911.16211045292
gabon,2015,7047.12654634355
united kingdom,2015,44964.3911437292
georgia,2015,4086.6223465965
ghana,2015,1721.69964380717
guinea,2015,747.356966759448
"gambia, the",2015,619.536364296461
guinea-bissau,2015,645.066837207039
equatorial guinea,2015,9068.91003238645
greece,2015,17980.7298238137
grenada,2015,8694.12438005692
greenland,2015,44536.3549705377
guatemala,2015,3893.50521848131
guam,2015,35165.7014644795
guyana,2015,5640.41560569466
"hong kong sar, china",2015,42432.1619740441
honduras,2015,2271.20265980349
croatia,2015,12285.3032582105
haiti,2015,1411.12684746796
hungary,2015,12717.038597002
indonesia,2015,3288.22269737572
isle of man,2015,84753.5187422732
india,2015,1583.99815907985
ireland,2015,64311.8234684057
"iran, islamic rep.",2015,4952.73355532178
iraq,2015,4440.14189252367
iceland,2015,52951.6815110898
israel,2015,36123.9907881129
italy,2015,30387.1293187854
jamaica,2015,5062.89556466908
jordan,2015,4042.75678097555
japan,2015,34960.6393843385
kazakhstan,2015,10196.1226255982
kenya,2015,1489.11959777284
kyrgyz republic,2015,1105.65202996955
cambodia,2015,1547.32010444393
kiribati,2015,1639.85274301496
st. kitts and nevis,2015,20328.8003530109
"korea, rep.",2015,28737.4391706499
kuwait,2015,29882.2126867068
lao pdr,2015,2121.01339097363
lebanon,2015,7714.1099998804
liberia,2015,692.590082351257
libya,2015,7458.48917756374
st. lucia,2015,10334.9225558425
least developed countries: un classification,2015,964.449793360221
liechtenstein,2015,167187.15730982
sri lanka,2015,4060.13139670248
lesotho,2015,1121.19851342518
lithuania,2015,14300.2553666736
luxembourg,2015,105462.012584423
latvia,2015,13321.9753140616
"macao sar, china",2015,70070.2918001631
st. martin (french part),2015,
morocco,2015,3146.24780273438
monaco,2015,170437.101188261
moldova,2015,2749.55137054338
madagascar,2015,445.320069480568
maldives,2015,9644.90655028145
mexico,2015,10021.2386118827
marshall islands,2015,3764.34426229508
north macedonia,2015,5262.68671928674
mali,2015,704.821646439506
malta,2015,25481.8977555627
myanmar,2015,1166.73305546288
montenegro,2015,6517.19267514764
mongolia,2015,3838.92126989984
northern mariana islands,2015,17665.1007493109
mozambique,2015,610.563774706589
mauritania,2015,1554.94897871782
mauritius,2015,9507.87133656424
malawi,2015,539.605363240686
malaysia,2015,9648.6797937523
north america,2015,55702.089462785
namibia,2015,4774.10650865775
new caledonia,2015,30858.7237060533
niger,2015,485.662574175279
nigeria,2015,2585.73360671797
nicaragua,2015,2074.45446460028
netherlands,2015,45793.8135434697
norway,2015,74809.9658049898
nepal,2015,875.543635474862
nauru,2015,7703.43149943923
new zealand,2015,38639.3501941427
oman,2015,18808.3077921839
pakistan,2015,1380.47020838317
panama,2015,14082.6548502728
peru,2015,6231.71150338894
philippines,2015,2909.85818014474
palau,2015,15690.7586522228
papua new guinea,2015,2484.5963398603
poland,2015,12637.5220324406
puerto rico,2015,29763.4883013861
portugal,2015,19215.7813014347
paraguay,2015,5879.33792308671
west bank and gaza,2015,3272.15432360708
french polynesia,2015,19166.9594761931
qatar,2015,68985.2946961507
romania,2015,8977.01748158196
russian federation,2015,9277.7138671875
rwanda,2015,733.998585018273
south asia,2015,1528.46685971348
saudi arabia,2015,22453.571552265
sudan,2015,1292.37963867188
senegal,2015,1218.00613555438
singapore,2015,55645.6068614606
solomon islands,2015,2045.47889485251
sierra leone,2015,945.148168480629
el salvador,2015,3790.34089108162
san marino,2015,43146.8240435428
somalia,2015,445.583078625015
serbia,2015,5820.3215576888
south sudan,2015,1080.14718624765
sao tome and principe,2015,1298.10946596396
suriname,2015,8813.61705392067
slovak republic,2015,16442.0760860018
slovenia,2015,20697.2748530619
sweden,2015,51197.9529341175
eswatini,2015,3393.53367834668
sint maarten (dutch part),2015,37839.6283815163
seychelles,2015,15333.1051727105
syrian arab republic,2015,847.731631942565
turks and caicos islands,2015,25736.101625461
chad,2015,747.588448455507
togo,2015,751.052405084336
thailand,2015,5688.85335397884
tajikistan,2015,956.916310930656
turkmenistan,2015,5759.497903834
timor-leste,2015,1319.59297370991
tonga,2015,4123.90323993332
tunisia,2015,4014.94773686432
turkiye,2015,11049.9951100942
tuvalu,2015,3357.83417700071
tanzania,2015,939.127319335938
uganda,2015,862.934610355811
ukraine,2015,2094.47387695313
uruguay,2015,17125.9016800298
united states,2015,57040.2082136605
uzbekistan,2015,2803.19018021751
st. vincent and the grenadines,2015,7353.73556054184
virgin islands (u.s.),2015,34007.3529411765
viet nam,2015,2577.56885340113
vanuatu,2015,2746.59171880997
samoa,2015,4084.36083819933
kosovo,2015,3520.62850699375
"yemen, rep.",2015,1362.17379435676
south africa,2015,6112.27382485974
zambia,2015,1295.87788680068
zimbabwe,2015,1386.42284717709
aruba,2016,27441.5296617282
africa eastern and southern,2016,1329.77782375583
afghanistan,2016,522.082215583898
africa western and central,2016,1616.84319800249
angola,2016,1807.95294072643
albania,2016,4124.05538986272
andorra,2016,40129.8192007698
united arab emirates,2016,41326.4018161834
argentina,2016,12699.9623137756
armenia,2016,3524.42476874707
american samoa,2016,12843.3342903627
antigua and barbuda,2016,16557.843174789
australia,2016,49888.0410842736
austria,2016,45061.4993920192
azerbaijan,2016,3880.6852276838
burundi,2016,235.286205393908
belgium,2016,41854.5498296444
benin,2016,1010.53389609187
burkina faso,2016,663.742364842886
bangladesh,2016,1649.28380858601
bulgaria,2016,7570.93165511708
bahrain,2016,23800.001440631
"bahamas, the",2016,30266.5859220987
bosnia and herzegovina,2016,4928.5665251728
belarus,2016,5039.77560949445
belize,2016,6142.49873185177
bermuda,2016,108747.356144305
bolivia,2016,3035.8734778704
brazil,2016,8836.28652636996
barbados,2016,19065.8069800213
brunei darussalam,2016,26663.2973199878
bhutan,2016,3152.30905081592
botswana,2016,6749.05994339013
central african republic,2016,387.176203444318
canada,2016,42314.0615817218
central europe and the baltics,2016,12836.5666338962
switzerland,2016,82153.0745447889
channel islands,2016,55950.1485360363
chile,2016,13649.8520455553
china,2016,8094.39016735149
cote d'ivoire,2016,1862.59597081287
cameroon,2016,1441.7201725688
"congo, dem. rep.",2016,442.310472110228
"congo, rep.",2016,2093.10728558843
colombia,2016,5959.84250367574
comoros,2016,1365.48403444497
cabo verde,2016,3608.96606551232
costa rica,2016,12091.0301606154
cuba,2016,8110.55873961397
curacao,2016,18944.0961493998
cayman islands,2016,77802.2541567187
cyprus,2016,24715.154296875
czechia,2016,18753.9686718096
germany,2016,42961.0356905775
djibouti,2016,2510.4300076241
dominica,2016,8278.44768597003
denmark,2016,54500.9260410217
dominican republic,2016,7174.82349574
algeria,2016,4424.98529027556
east asia & pacific,2016,9832.13036290931
ecuador,2016,5917.63771271481
"egypt, arab rep.",2016,3270.6287768197
spain,2016,26740.6851818829
estonia,2016,18666.3736521706
ethiopia,2016,696.195884706786
finland,2016,43451.2562442158
fiji,2016,5363.79025590254
france,2016,37024.2157133669
faroe islands,2016,56875.2803813296
"micronesia, fed. sts.",2016,2979.60119184048
gabon,2016,6677.07003901644
united kingdom,2016,40985.2351382417
georgia,2016,4143.40125686315
ghana,2016,1913.18673253576
guinea,2016,711.996509782316
"gambia, the",2016,650.056501323611
guinea-bissau,2016,679.665386626818
equatorial guinea,2016,7453.19797948517
greece,2016,17919.2426377048
grenada,2016,9221.23461079424
greenland,2016,48181.7453541266
guatemala,2016,4060.13755621218
guam,2016,35930.6594898711
guyana,2016,5870.87823759835
"hong kong sar, china",2016,43734.1980702999
honduras,2016,2307.34468351082
croatia,2016,12821.1738140304
haiti,2016,1318.40268167953
hungary,2016,13104.6995457458
indonesia,2016,3521.46943456251
isle of man,2016,82025.9454509241
india,2016,1707.50892912243
ireland,2016,64292.659966313
"iran, islamic rep.",2016,5477.03712389913
iraq,2016,4334.42096404188
iceland,2016,61987.9263620283
israel,2016,37556.6272863143
italy,2016,31126.3246947273
jamaica,2016,5009.79450059092
jordan,2016,3986.71677010853
japan,2016,39375.4731620781
kazakhstan,2016,7475.56688689424
kenya,2016,1554.12610314423
kyrgyz republic,2016,1103.27498361324
cambodia,2016,1675.19555711109
kiribati,2016,1742.66812442095
st. kitts and nevis,2016,21387.5415511103
"korea, rep.",2016,29280.4403170048
kuwait,2016,27323.6890643847
lao pdr,2016,2303.22156035363
lebanon,2016,8089.012088155
liberia,2016,714.613063145659
libya,2016,7525.80299308216
st. lucia,2016,10638.1901982143
least developed countries: un classification,2016,958.174398065087
liechtenstein,2016,165375.491396259
sri lanka,2016,4149.76105454457
lesotho,2016,992.491840678465
lithuania,2016,14981.6208126311
luxembourg,2016,106899.293549552
latvia,2016,13838.5266823272
"macao sar, china",2016,69074.0363049212
st. martin (french part),2016,
morocco,2016,3140.85546875
monaco,2016,173604.753555915
moldova,2016,2847.08794770479
madagascar,2016,453.970714522463
maldives,2016,9947.80744731739
mexico,2016,9097.92397674769
marshall islands,2016,4229.80988911945
north macedonia,2016,5598.48622617967
mali,2016,730.85493818079
malta,2016,26409.6285858968
myanmar,2016,1229.19713515893
montenegro,2016,7033.43962398373
mongolia,2016,3619.90026383792
northern mariana islands,2016,24225.474169342
mozambique,2016,441.489734819071
mauritania,2016,1565.76575722696
mauritius,2016,9965.72531085228
malawi,2016,450.506105510719
malaysia,2016,9476.53409809923
north america,2016,56618.0479576143
namibia,2016,4395.68776162376
new caledonia,2016,30782.8544433514
niger,2016,502.706475406446
nigeria,2016,2070.4127339595
nicaragua,2016,2131.68828465802
netherlands,2016,46808.5291492503
norway,2016,70867.3609970749
nepal,2016,877.256454696737
nauru,2016,8724.30700255019
new zealand,2016,40070.8956577431
oman,2016,17110.1897460545
pakistan,2016,1424.69161195897
panama,2016,14832.3611608191
peru,2016,6217.03599995447
philippines,2016,2985.19564020101
palau,2016,16762.5723436534
papua new guinea,2016,2316.39479758492
poland,2016,12464.0110508476
puerto rico,2016,30627.1634017011
portugal,2016,19980.2808866516
paraguay,2016,5775.1596339946
west bank and gaza,2016,3527.61382413178
french polynesia,2016,19690.0775734589
qatar,2016,61253.6375482797
romania,2016,9404.54005870715
russian federation,2016,8663.158203125
rwanda,2016,729.519154199595
south asia,2016,1663.62030739425
saudi arabia,2016,21515.6600083775
sudan,2016,1033.21594238281
senegal,2016,1266.43957151587
singapore,2016,56899.9181805173
solomon islands,2016,2082.62989047871
sierra leone,2016,838.631615328371
el salvador,2016,3901.34014965811
san marino,2016,44359.4797662688
somalia,2016,460.928491979039
serbia,2016,5982.37030126471
south sudan,2016,
sao tome and principe,2016,1434.87018050521
suriname,2016,5644.2061057532
slovak republic,2016,16636.0769133073
slovenia,2016,21447.8377796036
sweden,2016,51820.3972482676
eswatini,2016,3223.92004062357
sint maarten (dutch part),2016,37308.6147795736
seychelles,2016,16566.9946042294
syrian arab republic,2016,656.3490586313
turks and caicos islands,2016,26946.4178520162
chad,2016,668.078636142918
togo,2016,772.581787093976
thailand,2016,5833.57715617098
tajikistan,2016,788.710481734485
turkmenistan,2016,5686.98040962764
timor-leste,2016,1335.54390089814
tonga,2016,3987.98626206287
tunisia,2016,3847.80354448809
turkiye,2016,10970.0458948862
tuvalu,2016,3808.69755015909
tanzania,2016,953.0107421875
uganda,2016,752.696571725656
ukraine,2016,2158.46118164063
uruguay,2016,17009.7586944503
united states,2016,58206.6141931844
uzbekistan,2016,2753.37951427589
st. vincent and the grenadines,2016,7656.90042881178
virgin islands (u.s.),2016,35324.9748874586
viet nam,2016,2735.0604380416
vanuatu,2016,2869.9996909076
samoa,2016,4147.07097674888
kosovo,2016,3759.44959067104
"yemen, rep.",2016,975.359406696353
south africa,2016,5651.20585165749
zambia,2016,1239.08527877713
zimbabwe,2016,1407.41536437554
aruba,2017,28440.051963759
africa eastern and southern,2017,1520.17129839287
afghanistan,2017,525.469770891619
africa western and central,2017,1560.16299864482
angola,2017,2437.25971190821
albania,2017,4531.03220675893
andorra,2017,40672.9943348258
united arab emirates,2017,42340.5917145576
argentina,2017,14532.5009308511
armenia,2017,3869.05373867752
american samoa,2017,11863.6839452565
antigua and barbuda,2017,16924.7894487758
australia,2017,53901.7145392154
austria,2017,47163.7425775142
azerbaijan,2017,4147.1981423222
burundi,2017,236.694472592753
belgium,2017,44035.3239358548
benin,2017,1054.97408141687
burkina faso,2017,709.091535894695
bangladesh,2017,1811.08221668646
bulgaria,2017,8381.88134621669
bahrain,2017,24784.7693514607
"bahamas, the",2017,31337.1832464755
bosnia and herzegovina,2017,5345.01985489192
belarus,2017,5785.53397723676
belize,2017,6072.58267640581
bermuda,2017,112339.425587467
bolivia,2017,3306.30301176558
brazil,2017,10080.5092817775
barbados,2017,19692.7606711615
brunei darussalam,2017,28024.3824618568
bhutan,2017,3435.28804814561
botswana,2017,7104.96401088027
central african republic,2017,432.324025684263
canada,2017,45129.628116623
central europe and the baltics,2017,14294.4470174706
switzerland,2017,82254.3769269767
channel islands,2017,55806.5709126142
chile,2017,14879.9086230423
china,2017,8817.04560829162
cote d'ivoire,2017,1964.29930338343
cameroon,2017,1496.08951771242
"congo, dem. rep.",2017,436.584534687385
"congo, rep.",2017,2211.63309874797
colombia,2017,6479.53231292429
comoros,2017,1423.9248027797
cabo verde,2017,3893.09572292025
costa rica,2017,12317.0902771304
cuba,2017,8610.60829531998
curacao,2017,18938.2440469703
cayman islands,2017,80053.9444506891
cyprus,2017,26696.990234375
czechia,2017,20913.197632212
germany,2017,45526.5999576533
djibouti,2017,2618.95521147369
dominica,2017,7614.34028048137
denmark,2017,57521.5514992225
dominican republic,2017,7499.69286187019
algeria,2017,4554.66753957828
east asia & pacific,2017,10428.6321782284
ecuador,2017,6233.32244797718
"egypt, arab rep.",2017,2395.10333299491
spain,2017,28367.9392609439
estonia,2017,20851.5223496861
ethiopia,2017,745.632449222154
finland,2017,46085.0174739036
fiji,2017,5826.84814087383
france,2017,38687.1626407164
faroe islands,2017,59384.9862077969
"micronesia, fed. sts.",2017,3279.10779039285
gabon,2017,6921.73373135624
united kingdom,2017,40572.1214823783
georgia,2017,4418.75206546679
ghana,2017,2012.97025750655
guinea,2017,833.598621691121
"gambia, the",2017,642.522641296331
guinea-bissau,2017,783.123186602022
equatorial guinea,2017,7809.10465655488
greece,2017,18631.9930129293
grenada,2017,9751.42661155932
greenland,2017,50765.7494665372
guatemala,2017,4324.99607911366
guam,2017,36779.0078903909
guyana,2017,6178.6650437298
"hong kong sar, china",2017,46160.429791493
honduras,2017,2413.0076562942
croatia,2017,13902.6310485422
haiti,2017,1395.23945184461
hungary,2017,14621.2395956755
indonesia,2017,3798.88326177649
isle of man,2017,83481.3038489014
india,2017,1950.10468280866
ireland,2017,72499.3268743015
"iran, islamic rep.",2017,5753.11544659399
iraq,2017,4759.2846435467
iceland,2017,72010.1490316258
israel,2017,40997.9110240274
italy,2017,32554.14668453
jamaica,2017,5259.31334136812
jordan,2017,4065.61628749384
japan,2017,38834.0529341227
kazakhstan,2017,8943.08416791984
kenya,2017,1667.48447230835
kyrgyz republic,2017,1221.39056490366
cambodia,2017,1826.35391688754
kiribati,2017,1853.0511299437
st. kitts and nevis,2017,22464.9899633959
"korea, rep.",2017,31600.7358741365
kuwait,2017,29047.6535822842
lao pdr,2017,2432.43059478511
lebanon,2017,8608.21084982387
liberia,2017,699.269095727404
libya,2017,9965.83236729757
st. lucia,2017,11333.1963940441
least developed countries: un classification,2017,1024.16282643038
liechtenstein,2017,170547.092298954
sri lanka,2017,4401.05567045499
lesotho,2017,1069.36673247542
lithuania,2017,16884.7100319318
luxembourg,2017,110193.213797228
latvia,2017,15132.4958333982
"macao sar, china",2017,77704.9215312666
st. martin (french part),2017,
morocco,2017,3296.52661132813
monaco,2017,170663.375247872
moldova,2017,3453.26727720294
madagascar,2017,491.866848718929
maldives,2017,10509.628805812
mexico,2017,9649.27816772402
marshall islands,2017,4592.83457628576
north macedonia,2017,5955.2973863451
mali,2017,775.536492065709
malta,2017,30259.3952629768
myanmar,2017,1272.82241830603
montenegro,2017,7803.35824465203
mongolia,2017,3645.96708669551
northern mariana islands,2017,31225.6049960968
mozambique,2017,470.93856305196
mauritania,2017,1615.00401327323
mauritius,2017,10841.6847754844
malawi,2017,495.769683367165
malaysia,2017,9862.54806612235
north america,2017,58796.5168500385
namibia,2017,5143.96072323076
new caledonia,2017,32354.7102832901
niger,2017,521.804130023434
nigeria,2017,1876.34027111773
nicaragua,2017,2182.61875100395
netherlands,2017,49513.6817346384
norway,2017,76131.8384032764
nepal,2017,1034.28374906846
nauru,2017,9613.41209082575
new zealand,2017,42913.186956185
oman,2017,17820.0661809335
pakistan,2017,1519.23459514248
panama,2017,15694.6297454295
peru,2017,6736.16693725487
philippines,2017,3038.12124955619
palau,2017,16034.1342914889
papua new guinea,2017,2477.76530986323
poland,2017,13913.3402919927
puerto rico,2017,31108.7527508912
portugal,2017,21442.3842768879
paraguay,2017,6152.26711537703
west bank and gaza,2017,3620.36048715937
french polynesia,2017,20826.9312492172
qatar,2017,63279.8556949332
romania,2017,10727.9822007426
russian federation,2017,10658.9130859375
rwanda,2017,758.301002985965
south asia,2017,1874.9491911349
saudi arabia,2017,23081.2045336558
sudan,2017,966.505676269531
senegal,2017,1356.80518449031
singapore,2017,61162.0973932771
solomon islands,2017,2143.57465243959
sierra leone,2017,788.486867334833
el salvador,2017,4020.12671373919
san marino,2017,45192.0279766943
somalia,2017,510.939952988052
serbia,2017,6548.03653824187
south sudan,2017,
sao tome and principe,2017,1555.79477812888
suriname,2017,6049.52128553675
slovak republic,2017,17645.5298716761
slovenia,2017,23303.077705959
sweden,2017,53300.8587281785
eswatini,2017,3831.42595273032
sint maarten (dutch part),2017,34701.3058494468
seychelles,2017,17480.3651911372
syrian arab republic,2017,851.502005254153
turks and caicos islands,2017,25779.6122366146
chad,2017,640.117048532702
togo,2017,792.765487219069
thailand,2017,6413.09182530343
tajikistan,2017,829.45714764957
turkmenistan,2017,5828.4816623489
timor-leste,2017,1266.17767952941
tonga,2017,4365.92932788383
tunisia,2017,3619.03247319953
turkiye,2017,10695.550196231
tuvalu,2017,4165.66338700106
tanzania,2017,986.674011230469
uganda,2017,765.218332297361
ukraine,2017,2604.28759765625
uruguay,2017,19184.6626659717
united states,2017,60322.2614241747
uzbekistan,2017,2190.60411562888
st. vincent and the grenadines,2017,7988.04445019298
virgin islands (u.s.),2017,35365.0693039774
viet nam,2017,2956.10992127753
vanuatu,2017,3159.92716050347
samoa,2017,4307.59381964907
kosovo,2017,4009.31799347588
"yemen, rep.",2017,811.165963877611
south africa,2017,6618.33508255701
zambia,2017,1483.46577328065
zimbabwe,2017,3448.08253696926
aruba,2018,30082.1276448186
africa eastern and southern,2018,1538.92418773564
afghanistan,2018,491.337221382603
africa western and central,2018,1703.89639222804
angola,2018,2538.59139143371
albania,2018,5365.48934672897
andorra,2018,42819.7745797624
united arab emirates,2018,45689.8570040215
argentina,2018,11752.7998922979
armenia,2018,4196.00562301769
american samoa,2018,12552.0546868861
antigua and barbuda,2018,18273.4270684912
australia,2018,57196.4220783778
austria,2018,51194.0749841299
azerbaijan,2018,4739.7943123408
burundi,2018,224.89939239264
belgium,2018,47487.2100392561
benin,2018,1151.74096952152
burkina faso,2018,777.465618514048
bangladesh,2018,1965.24372731467
bulgaria,2018,9436.14479876055
bahrain,2018,26324.4066549559
"bahamas, the",2018,32124.4051059669
bosnia and herzegovina,2018,6047.84584261133
belarus,2018,6360.05310087258
belize,2018,6031.28139580144
bermuda,2018,113204.82210838
bolivia,2018,3500.72642189371
brazil,2018,9300.66164936497
barbados,2018,20055.915870771
brunei darussalam,2018,30988.1190497851
bhutan,2018,3400.20417159422
botswana,2018,7407.95940141786
central african republic,2018,455.243962859534
canada,2018,46539.1761570405
central europe and the baltics,2018,16181.6073703684
switzerland,2018,85217.3691512274
channel islands,2018,60783.3533081111
chile,2018,15659.4808675628
china,2018,9905.40638304527
cote d'ivoire,2018,2130.86619381144
cameroon,2018,1610.69641591017
"congo, dem. rep.",2018,528.256019777898
"congo, rep.",2018,2694.43413191427
colombia,2018,6816.96818309544
comoros,2018,1540.71132257526
cabo verde,2018,4294.96510456428
costa rica,2018,12590.2493781614
cuba,2018,8911.46205964193
curacao,2018,19119.1243941688
cayman islands,2018,83865.5531568184
cyprus,2018,29599.986328125
czechia,2018,23705.9329811299
germany,2018,48874.8595028454
djibouti,2018,2718.0853229414
dominica,2018,8137.56520624242
denmark,2018,61324.7665045565
dominican republic,2018,7934.98141208525
algeria,2018,4577.21029180491
east asia & pacific,2018,11285.8972298534
ecuador,2018,6303.91892523596
"egypt, arab rep.",2018,2484.70315630508
spain,2018,30592.1264795541
estonia,2018,23618.1361254581
ethiopia,2018,747.968143637014
finland,2018,49654.2497035329
fiji,2018,6085.41979209299
france,2018,41418.1766484844
faroe islands,2018,62524.0387361638
"micronesia, fed. sts.",2018,3566.58690371125
gabon,2018,7624.2775233771
united kingdom,2018,43203.8141057739
georgia,2018,4804.0546040444
ghana,2018,2196.61290615342
guinea,2018,933.273615633705
"gambia, the",2018,696.219806960615
guinea-bissau,2018,808.531613218504
equatorial guinea,2018,8102.47084834031
greece,2018,19873.4015238771
grenada,2018,10083.021279225
greenland,2018,54545.135857765
guatemala,2018,4352.94651790253
guam,2018,37195.9503070464
guyana,2018,6048.38697180418
"hong kong sar, china",2018,48537.5668888343
honduras,2018,2464.64241531918
croatia,2018,15460.4183295843
haiti,2018,1496.38048970156
hungary,2018,16425.2050299693
indonesia,2018,3860.95353077708
isle of man,2018,89393.8244248812
india,2018,1966.25455171679
ireland,2018,81248.3135388
"iran, islamic rep.",2018,4631.78709016514
iraq,2018,5646.68932074742
iceland,2018,74452.1890731447
israel,2018,42233.2610344935
italy,2018,34746.3441392416
jamaica,2018,5578.10346083169
jordan,2018,4145.43989673265
japan,2018,39751.1330982711
kazakhstan,2018,9472.48527327758
kenya,2018,1836.45275528993
kyrgyz republic,2018,1283.52040333083
cambodia,2018,2036.67377566578
kiribati,2018,1912.73798131035
st. kitts and nevis,2018,22901.3816403197
"korea, rep.",2018,33447.1562836166
kuwait,2018,32067.9623689512
lao pdr,2018,2545.1075420815
lebanon,2018,9174.53666204759
liberia,2018,692.203127129794
libya,2018,11196.5854810844
st. lucia,2018,11642.7403185172
least developed countries: un classification,2018,1065.22658037951
liechtenstein,2018,174988.775083446
sri lanka,2018,4360.58473469252
lesotho,2018,1170.65569702819
lithuania,2018,19368.5391045353
luxembourg,2018,116786.511654677
latvia,2018,17252.1710428626
"macao sar, china",2018,83761.8171798142
st. martin (french part),2018,
morocco,2018,3501.69799804688
monaco,2018,188298.315668437
moldova,2018,4156.44981956646
madagascar,2018,500.45718552916
maldives,2018,11423.2838427029
mexico,2018,10084.7937562021
marshall islands,2018,4858.12079054875
north macedonia,2018,6713.98925398989
mali,2018,835.086710561793
malta,2018,33332.1905601302
myanmar,2018,1298.21310320785
montenegro,2018,8850.3749248372
mongolia,2018,4107.64288528468
northern mariana islands,2018,26509.3628379893
mozambique,2018,517.507260258101
mauritania,2018,1722.93528854073
mauritius,2018,11643.4605962124
malawi,2018,533.203173686705
malaysia,2018,10901.8019954421
north america,2018,61512.7212012788
namibia,2018,5308.60813408705
new caledonia,2018,34902.8968780031
niger,2018,578.568035680892
nigeria,2018,2057.87944554011
nicaragua,2018,2035.16750115975
netherlands,2018,53955.0770024266
norway,2018,82792.8427113304
nepal,2018,1179.19843190389
nauru,2018,11408.6947593898
new zealand,2018,43228.6976473771
oman,2018,19901.7615642016
pakistan,2018,1569.33814626355
panama,2018,16151.3273478476
peru,2018,6978.49121548627
philippines,2018,3168.51036606257
palau,2018,16197.7254546986
papua new guinea,2018,2566.36833735041
poland,2018,15658.2120316794
puerto rico,2018,31615.0667918433
portugal,2018,23541.1401075289
paraguay,2018,6258.44991640954
west bank and gaza,2018,3562.33094270256
french polynesia,2018,21925.616043938
qatar,2018,71039.8490579352
romania,2018,12502.2624061935
russian federation,2018,11211.8876953125
rwanda,2018,771.773521962568
south asia,2018,1907.38178097978
saudi arabia,2018,28036.0264674095
sudan,2018,731.027465820313
senegal,2018,1452.55612562445
singapore,2018,66840.6373389791
solomon islands,2018,2278.20633913383
sierra leone,2018,845.914540460932
el salvador,2018,4183.54620971358
san marino,2018,47950.6880557136
somalia,2018,509.525802439801
serbia,2018,7559.86165747394
south sudan,2018,
sao tome and principe,2018,1825.59971753966
suriname,2018,6665.74180472239
slovak republic,2018,19573.3717031314
slovenia,2018,25888.0481065655
sweden,2018,54181.9069780904
eswatini,2018,3986.10557163026
sint maarten (dutch part),2018,31708.3110124742
seychelles,2018,18440.2340460932
syrian arab republic,2018,1098.0668642357
turks and caicos islands,2018,27160.1579568902
chad,2018,695.642393675941
togo,2018,851.130806891807
thailand,2018,7099.77650081458
tajikistan,2018,834.288404578801
turkmenistan,2018,6125.05169712085
timor-leste,2018,1219.46598597604
tonga,2018,4638.89774268789
tunisia,2018,3628.10366464236
turkiye,2018,9568.83506330228
tuvalu,2018,4466.12034928245
tanzania,2018,1023.10626220703
uganda,2018,792.16570022814
ukraine,2018,3059.0517578125
uruguay,2018,19249.9401532664
united states,2018,63201.0458483771
uzbekistan,2018,1813.08530813664
st. vincent and the grenadines,2018,8428.12677153069
virgin islands (u.s.),2018,36663.2087550584
viet nam,2018,3222.31003125366
vanuatu,2018,3206.68930842127
samoa,2018,4231.81409469194
kosovo,2018,4384.18624084947
"yemen, rep.",2018,633.887206000087
south africa,2018,6914.1780318076
zambia,2018,1463.89997855593
zimbabwe,2018,2271.8533351306
aruba,2019,31096.2050738676
africa eastern and southern,2019,1493.78044490037
afghanistan,2019,496.6025042585
africa western and central,2019,1783.65436491191
angola,2019,2189.85571407618
albania,2019,5460.42823730592
andorra,2019,41257.8045846483
united arab emirates,2019,44251.4541390148
argentina,2019,9955.97478680428
armenia,2019,4597.22887399548
american samoa,2019,12886.1359517218
antigua and barbuda,2019,18884.3729680383
australia,2019,54972.7017885437
austria,2019,49885.9947355204
azerbaijan,2019,4805.75371765917
burundi,2019,210.236494521532
belgium,2019,46716.6227467964
benin,2019,1130.82135304977
burkina faso,2019,764.853077774946
bangladesh,2019,2129.79896954606
bulgaria,2019,9838.60058985384
bahrain,2019,27259.7438599327
"bahamas, the",2019,32979.5401279534
bosnia and herzegovina,2019,6122.3753450882
belarus,2019,6837.76832136779
belize,2019,6190.04792278445
bermuda,2019,115798.040775578
bolivia,2019,3503.8960106182
brazil,2019,9029.83326742175
barbados,2019,20583.7265786414
brunei darussalam,2019,30426.5730284202
bhutan,2019,3576.87987077877
botswana,2019,7172.08956480028
central african republic,2019,449.228467602439
canada,2019,46352.8693445211
central europe and the baltics,2019,16475.161477584
switzerland,2019,84121.9310304414
channel islands,2019,60568.1085272721
chile,2019,14495.716721687
china,2019,10143.8602206165
cote d'ivoire,2019,2141.76836170115
cameroon,2019,1555.22660476477
"congo, dem. rep.",2019,557.044161335917
"congo, rep.",2019,2488.42466724916
colombia,2019,6472.54544924705
comoros,2019,1519.26386436068
cabo verde,2019,4380.7811916403
costa rica,2019,12884.6859951989
cuba,2019,9232.26115935183
curacao,2019,19220.6866958303
cayman islands,2019,88254.2903677044
cyprus,2019,29703.052734375
czechia,2019,24062.7190013343
germany,2019,47623.8656074829
djibouti,2019,2837.17103336917
dominica,2019,9009.09011545429
denmark,2019,59404.2663247723
dominican republic,2019,8164.22080932117
algeria,2019,4468.45341883656
east asia & pacific,2019,11458.795842252
ecuador,2019,6205.05759479761
"egypt, arab rep.",2019,2962.98892023003
spain,2019,29776.2011500384
estonia,2019,24021.2501413306
ethiopia,2019,828.70897229725
finland,2019,48358.1807773701
fiji,2019,5950.82868635508
france,2019,40408.2848574751
faroe islands,2019,63064.6343127366
"micronesia, fed. sts.",2019,3572.65918282222
gabon,2019,7441.1786472281
united kingdom,2019,42662.5353740311
georgia,2019,4741.2832715876
ghana,2019,2186.18924111824
guinea,2019,1031.34146480732
"gambia, the",2019,738.186751987483
guinea-bissau,2019,807.359903965493
equatorial guinea,2019,6804.14923073888
greece,2019,19335.3602002969
grenada,2019,10462.7929159533
greenland,2019,53309.2035905065
guatemala,2019,4511.99755157656
guam,2019,39274.9431424899
guyana,2019,6405.82443444562
"hong kong sar, china",2019,48359.0011950597
honduras,2019,2502.32744328073
croatia,2019,15563.8167397199
haiti,2019,1352.17204191532
hungary,2019,16786.2136399075
indonesia,2019,4106.94856173421
isle of man,2019,87127.5517977404
india,2019,2041.42863698585
ireland,2019,82508.4659883582
"iran, islamic rep.",2019,3831.27894763337
iraq,2019,5671.8568632942
iceland,2019,68452.23622306
israel,2019,44140.8289372511
italy,2019,33812.788724868
jamaica,2019,5607.24300668501
jordan,2019,4170.1144003465
japan,2019,40415.9567649547
kazakhstan,2019,9457.12614657136
kenya,2019,1960.40808854893
kyrgyz republic,2019,1421.99927504102
cambodia,2019,2225.87705485686
kiribati,2019,1750.99750920482
st. kitts and nevis,2019,23595.4923231291
"korea, rep.",2019,31902.4169048194
kuwait,2019,31707.8737464917
lao pdr,2019,2589.32081035237
lebanon,2019,8905.88005497437
liberia,2019,658.164180770507
libya,2019,9963.19489084483
st. lucia,2019,11794.2056521711
least developed countries: un classification,2019,1097.76355049254
liechtenstein,2019,166907.839305016
sri lanka,2019,4082.69404871533
lesotho,2019,1082.05706777516
lithuania,2019,19727.7607453736
luxembourg,2019,112726.439672814
latvia,2019,17294.9751600969
"macao sar, china",2019,81967.699172769
st. martin (french part),2019,19033.0649634889
morocco,2019,3508.09765625
monaco,2019,193746.785647412
moldova,2019,4405.33418162155
madagascar,2019,499.818837622534
maldives,2019,11740.2724029785
mexico,2019,10369.5553568761
marshall islands,2019,5292.33985502306
north macedonia,2019,6718.85826635458
mali,2019,820.197390833912
malta,2019,32412.2697818499
myanmar,2019,1425.98954211903
montenegro,2019,8909.6538759126
mongolia,2019,4347.54610314873
northern mariana islands,2019,24496.6652122421
mozambique,2019,519.09255091362
mauritania,2019,1767.072710621
mauritius,2019,11403.2527870674
malawi,2019,580.889816066776
malaysia,2019,10920.191763972
north america,2019,63634.786103642
namibia,2019,4731.9210318831
new caledonia,2019,33411.3358835672
niger,2019,561.691304349698
nigeria,2019,2265.15520863056
nicaragua,2019,1958.62132892996
netherlands,2019,53554.9007491475
norway,2019,76430.5889473338
nepal,2019,1203.14294706401
nauru,2019,10776.8284610316
new zealand,2019,42747.2099299966
oman,2019,19180.1864152801
pakistan,2019,1390.41690981745
panama,2019,16477.9066285687
peru,2019,7037.00803692604
philippines,2019,3400.78949772302
palau,2019,15841.1935329812
papua new guinea,2019,2575.77274251891
poland,2019,15874.5220531254
puerto rico,2019,32916.866800639
portugal,2019,23343.3628970034
paraguay,2019,5821.18199548637
west bank and gaza,2019,3656.85827137011
french polynesia,2019,21582.5892046801
qatar,2019,66841.3013472693
romania,2019,12992.0326104674
russian federation,2019,11447.701171875
rwanda,2019,810.051420243718
south asia,2019,1952.01340084598
saudi arabia,2019,27892.8421521179
sudan,2019,709.975280761719
senegal,2019,1431.18128932159
singapore,2019,66081.7199235165
solomon islands,2019,2223.66502559565
sierra leone,2019,843.71251730417
el salvador,2019,4320.11671534627
san marino,2019,46627.0122356944
somalia,2019,539.893931565468
serbia,2019,7755.632986437
south sudan,2019,
sao tome and principe,2019,1935.2931816596
suriname,2019,6629.66775248603
slovak republic,2019,19406.0589683582
slovenia,2019,25814.1687167572
sweden,2019,51773.0464558993
eswatini,2019,3894.32951592818
sint maarten (dutch part),2019,34861.469528968
seychelles,2019,19141.5118743615
syrian arab republic,2019,1109.53926036049
turks and caicos islands,2019,27273.4376992357
chad,2019,678.142035723965
togo,2019,826.260654099894
thailand,2019,7605.69657797759
tajikistan,2019,871.022372934846
turkmenistan,2019,6648.0348960628
timor-leste,2019,1562.36458881813
tonga,2019,4676.84790348236
tunisia,2019,3528.87213306798
turkiye,2019,9215.44049888114
tuvalu,2019,5115.13075950206
tanzania,2019,1063.32250976563
uganda,2019,822.057058189153
ukraine,2019,3619.86157226563
uruguay,2019,18315.7352857194
united states,2019,65604.6815198734
uzbekistan,2019,2041.38480729431
st. vincent and the grenadines,2019,8743.33202133753
virgin islands (u.s.),2019,38633.5298915336
viet nam,2019,3440.90025375434
vanuatu,2019,3207.44650452083
samoa,2019,4351.94234943706
kosovo,2019,4415.99716107514
"yemen, rep.",2019,623.376164898164
south africa,2019,6533.71121032856
zambia,2019,1258.98619844462
zimbabwe,2019,1684.02790388182
aruba,2020,22855.9323200761
africa eastern and southern,2020,1344.08096192004
afghanistan,2020,510.787063366811
africa western and central,2020,1664.24917643553
angola,2020,1449.92286669308
albania,2020,5370.77862312929
andorra,2020,37361.0900666982
united arab emirates,2020,37173.8754100281
argentina,2020,8535.59938004389
armenia,2020,4268.68093304583
american samoa,2020,14489.2586563775
antigua and barbuda,2020,15360.4544160475
australia,2020,51791.540179984
austria,2020,48716.4098900349
azerbaijan,2020,4229.91064904503
burundi,2020,210.008139902508
belgium,2020,45906.2875805246
benin,2020,1197.50136428063
burkina faso,2020,825.237038782475
bangladesh,2020,2248.85078828233
bulgaria,2020,10198.5388313404
bahrain,2020,24342.8444554718
"bahamas, the",2020,25155.6725432789
bosnia and herzegovina,2020,6130.31133245161
belarus,2020,6542.8645398436
belize,2020,5227.19363786168
bermuda,2020,106973.175732348
bolivia,2020,3099.94219044572
brazil,2020,7074.19378281866
barbados,2020,18347.1109131055
brunei darussalam,2020,26834.3592463839
bhutan,2020,3191.66907031782
botswana,2020,6323.31419156209
central african republic,2020,462.879071294011
canada,2020,43537.839298904
central europe and the baltics,2020,16450.8775088615
switzerland,2020,85897.7843338323
channel islands,2020,56785.9402392525
chile,2020,13114.815470545
china,2020,10408.7195541075
cote d'ivoire,2020,2179.72934832935
cameroon,2020,1555.60370660749
"congo, dem. rep.",2020,507.521230077872
"congo, rep.",2020,1993.586671931
colombia,2020,5339.68711357943
comoros,2020,1527.16991011916
cabo verde,2020,3539.22662027109
costa rica,2020,12394.0493969492
cuba,2020,9605.26125067263
curacao,2020,16356.0933594414
cayman islands,2020,82338.7982853661
cyprus,2020,28649.015625
czechia,2020,23472.8915454417
germany,2020,47379.765194548
djibouti,2020,2881.99924450145
dominica,2020,7461.77933220095
denmark,2020,60985.4885601514
dominican republic,2020,7162.29175242114
algeria,2020,3743.5419522929
east asia & pacific,2020,11464.1012855988
ecuador,2020,5463.64509649315
"egypt, arab rep.",2020,3511.11381026379
spain,2020,27230.3599933583
estonia,2020,23933.9939421065
ethiopia,2020,905.313175805855
finland,2020,48828.6846862799
fiji,2020,4844.42129036462
france,2020,39169.8606000707
faroe islands,2020,62236.0866558197
"micronesia, fed. sts.",2020,3353.8894298388
gabon,2020,6605.80346077565
united kingdom,2020,40201.6812422928
georgia,2020,4300.85701291207
ghana,2020,2196.54789313621
guinea,2020,1053.66097696415
"gambia, the",2020,720.335143352133
guinea-bissau,2020,817.780335749159
equatorial guinea,2020,5764.05502912947
greece,2020,17886.733165236
grenada,2020,8968.55890108484
greenland,2020,54693.0766804265
guatemala,2020,4477.61761796418
guam,2020,36482.9363953675
guyana,2020,6775.70939096303
"hong kong sar, china",2020,46109.2299946609
honduras,2020,2307.61494319511
croatia,2020,14808.4620188819
haiti,2020,1290.32538667383
hungary,2020,16131.9540355923
indonesia,2020,3853.70288778903
isle of man,2020,79513.5330346598
india,2020,1907.04251637669
ireland,2020,87567.1148972037
"iran, islamic rep.",2020,2988.78122414716
iraq,2020,4295.18945121228
iceland,2020,59023.5663465778
israel,2020,44679.7715799755
italy,2020,32091.4866621366
jamaica,2020,4879.44024631319
jordan,2020,4022.0401356135
japan,2020,40040.7655055923
kazakhstan,2020,8781.50797787648
kenya,2020,1927.66459027849
kyrgyz republic,2020,1229.51775742135
cambodia,2020,2081.73914242939
kiribati,2020,1769.43211760217
st. kitts and nevis,2020,18859.0190361046
"korea, rep.",2020,31721.2989141857
kuwait,2020,25236.0755520534
lao pdr,2020,2583.77730696131
lebanon,2020,5561.19166950397
liberia,2020,616.787867006715
libya,2020,6650.33810585348
st. lucia,2020,8411.19941821204
least developed countries: un classification,2020,1081.79748199294
liechtenstein,2020,164671.093553454
sri lanka,2020,3846.17449566736
lesotho,2020,918.582577421982
lithuania,2020,20541.824988603
luxembourg,2020,116905.370396853
latvia,2020,17564.2321549354
"macao sar, china",2020,36976.2561071429
st. martin (french part),2020,
morocco,2020,3268.0302734375
monaco,2020,176891.886538492
moldova,2020,4375.7788930524
madagascar,2020,450.771615201509
maldives,2020,7393.8886543933
mexico,2020,8841.27075003163
marshall islands,2020,5661.96787336674
north macedonia,2020,6659.59651070776
mali,2020,804.343956745857
malta,2020,31796.8213417258
myanmar,2020,1490.21683548367
montenegro,2020,7677.37132106817
mongolia,2020,4001.25193077703
northern mariana islands,2020,18220.8382427201
mozambique,2020,462.433876479921
mauritania,2020,1795.76459566714
mauritius,2020,9011.04288445023
malawi,2020,602.507478176106
malaysia,2020,9957.52626697613
north america,2020,62271.1969150653
namibia,2020,3878.58982993966
new caledonia,2020,33270.330597637
niger,2020,579.512495758236
nigeria,2020,2019.65706326224
nicaragua,2020,1931.61515811642
netherlands,2020,53467.9277413737
norway,2020,68340.0181033702
nepal,2020,1154.21517578318
nauru,2020,10695.6993301601
new zealand,2020,41785.6922905898
oman,2020,16784.8630630058
pakistan,2020,1278.39735206896
panama,2020,13290.5608347594
peru,2020,6133.32552410183
philippines,2020,3227.57910235199
palau,2020,14556.5896891862
papua new guinea,2020,2429.61134586681
poland,2020,15987.5753654045
puerto rico,2020,31427.4291136799
portugal,2020,22299.4044062173
paraguay,2020,5365.47220721191
west bank and gaza,2020,3233.56863835858
french polynesia,2020,20746.2720428286
qatar,2020,51683.5054353851
romania,2020,13082.3006559554
russian federation,2020,10108.3271484375
rwanda,2020,778.701538550324
south asia,2020,1843.19527438293
saudi arabia,2020,23271.4037647084
sudan,2020,577.795227050781
senegal,2020,1461.08720350553
singapore,2020,61466.803676358
solomon islands,2020,2063.33101522108
sierra leone,2020,845.313836261458
el salvador,2020,3997.19279583709
san marino,2020,44426.6463400658
somalia,2020,518.184778494176
serbia,2020,8098.70955668849
south sudan,2020,
sao tome and principe,2020,2167.22001796925
suriname,2020,4755.39221710693
slovak republic,2020,19735.4858280801
slovenia,2020,25392.0651093612
sweden,2020,52653.7565934247
eswatini,2020,3442.3216527415
sint maarten (dutch part),2020,30150.8998380477
seychelles,2020,14041.4754074575
syrian arab republic,2020,572.355289831901
turks and caicos islands,2020,17452.6578046047
chad,2020,622.095543396442
togo,2020,853.578220263722
thailand,2020,6985.64393892574
tajikistan,2020,834.311715460625
turkmenistan,2020,6592.60146027748
timor-leste,2020,1630.86935439232
tonga,2020,4700.44932800575
tunisia,2020,3548.65363663803
turkiye,2020,8638.73903848102
tuvalu,2020,4976.11254109571
tanzania,2020,1117.41528320313
uganda,2020,845.766463890124
ukraine,2020,3709.76928710938
uruguay,2020,15789.6857422214
united states,2020,64411.3731779373
uzbekistan,2020,1978.28051860763
st. vincent and the grenadines,2020,8395.09988902412
virgin islands (u.s.),2020,39787.3741650202
viet nam,2020,3534.03953482647
vanuatu,2020,3042.98711598286
samoa,2020,4099.6600907147
kosovo,2020,4310.88824737367
"yemen, rep.",2020,559.564672794182
south africa,2020,5580.60383075189
zambia,2020,951.644316655957
zimbabwe,2020,1730.41348946953
aruba,2021,27200.0610793969
africa eastern and southern,2021,1522.59008804972
afghanistan,2021,356.496214115892
africa western and central,2021,1747.84054911545
angola,2021,1925.87466082167
albania,2021,6413.28328605026
andorra,2021,42425.6996756291
united arab emirates,2021,43360.0211014806
argentina,2021,10738.0179223384
armenia,2021,4685.17997128509
american samoa,2021,15236.1604875571
antigua and barbuda,2021,17340.3790692554
australia,2021,60607.7788605166
austria,2021,53648.7190742245
azerbaijan,2021,5408.04535175023
burundi,2021,214.091455416133
belgium,2021,51655.7883303715
benin,2021,1318.83497843483
burkina faso,2021,895.535288442991
bangladesh,2021,2482.84917843357
bulgaria,2021,12274.0775950496
bahrain,2021,27147.8083882286
"bahamas, the",2021,28682.3270000732
bosnia and herzegovina,2021,7295.3438240957
belarus,2021,7489.71894713888
belize,2021,6122.61158580079
bermuda,2021,112712.025120653
bolivia,2021,3384.84486479247
brazil,2021,7972.53665048385
barbados,2021,18696.7858952957
brunei darussalam,2021,31006.9636220576
bhutan,2021,3570.61257915864
botswana,2021,7808.20623956293
central african republic,2021,492.263142830507
canada,2021,52496.8441693242
central europe and the baltics,2021,19144.0685537317
switzerland,2021,93446.4344518943
channel islands,2021,66912.1750054447
chile,2021,16216.5706467899
china,2021,12617.5051041181
cote d'ivoire,2021,2455.98127641148
cameroon,2021,1672.32657340872
"congo, dem. rep.",2021,558.034077296358
"congo, rep.",2021,2516.16255145432
colombia,2021,6222.62164397614
comoros,2021,1584.12450153608
cabo verde,2021,3971.4440744985
costa rica,2021,12838.1185358931
cuba,2021,
curacao,2021,17980.0888397547
cayman islands,2021,86438.445257404
cyprus,2021,33734.29296875
czechia,2021,27696.4619527544
germany,2021,52265.6541620571
djibouti,2021,3019.69343880209
dominica,2021,8262.65091316727
denmark,2021,69727.9873677012
dominican republic,2021,8472.47982000992
algeria,2021,4160.55926736925
east asia & pacific,2021,13117.3989864275
ecuador,2021,6075.8026572556
"egypt, arab rep.",2021,3827.35415374308
spain,2021,30817.6828559001
estonia,2021,27953.7670230126
ethiopia,2021,910.947840320752
finland,2021,53099.1351400148
fiji,2021,4696.17101880318
france,2021,43725.0999521245
faroe islands,2021,68736.505610554
"micronesia, fed. sts.",2021,3493.87228552999
gabon,2021,8181.40914134656
united kingdom,2021,46896.8662432834
georgia,2021,5083.60695484577
ghana,2021,2445.50081810782
guinea,2021,1244.96550477914
"gambia, the",2021,781.890925169531
guinea-bissau,2021,900.407780831491
equatorial guinea,2021,6945.63069794539
greece,2021,20654.7001960815
grenada,2021,9622.24050459345
greenland,2021,57116.295770722
guatemala,2021,4913.94712869347
guam,2021,38074.8793745801
guyana,2021,9860.87233445443
"hong kong sar, china",2021,49770.5642374739
honduras,2021,2735.14751503977
croatia,2021,17789.9304736722
haiti,2021,1835.44394078496
hungary,2021,18755.1023464312
indonesia,2021,4287.17313989405
isle of man,2021,94299.969348965
india,2021,2239.61384367482
ireland,2021,105561.137468992
"iran, islamic rep.",2021,4334.79268631354
iraq,2021,4868.49431080783
iceland,2021,69325.9078287926
israel,2021,52255.6159050999
italy,2021,36852.5425414951
jamaica,2021,5165.33780988607
jordan,2021,4183.49998326866
japan,2021,40058.5373276179
kazakhstan,2021,9983.60103576902
kenya,2021,2061.35622089594
kyrgyz republic,2021,1349.99730650542
cambodia,2021,2167.40324198499
kiribati,2021,2253.82500103057
st. kitts and nevis,2021,18361.1449697886
"korea, rep.",2021,35125.5224984723
kuwait,2021,34043.542153557
lao pdr,2021,2526.05105018529
lebanon,2021,4045.37391066234
liberia,2021,667.96610514319
libya,2021,4935.82787349801
st. lucia,2021,10459.1321248092
least developed countries: un classification,2021,1153.75092851568
liechtenstein,2021,196783.729414593
sri lanka,2021,3999.33764677637
lesotho,2021,1066.58645143823
lithuania,2021,23934.728489916
luxembourg,2021,133711.794435985
latvia,2021,20262.8433862451
"macao sar, china",2021,45376.314586156
st. martin (french part),2021,21668.3776525323
morocco,2021,3785.93627929688
monaco,2021,223823.363960226
moldova,2021,5274.60582195352
madagascar,2021,490.206238571448
maldives,2021,10176.143882547
mexico,2021,10314.0506741437
marshall islands,2021,6258.61193705127
north macedonia,2021,7620.80296977508
mali,2021,862.467400106111
malta,2021,38027.3801730893
myanmar,2021,1242.72134419599
montenegro,2021,9465.96153027794
mongolia,2021,4517.61578018785
northern mariana islands,2021,19455.50139424
mozambique,2021,509.907829475551
mauritania,2021,1947.78918383313
mauritius,2021,9068.97300226707
malawi,2021,617.447520802454
malaysia,2021,10903.1116425938
north america,2021,69382.1728474769
namibia,2021,4412.8355693052
new caledonia,2021,35311.5543551452
niger,2021,608.722439593808
nigeria,2021,2017.27486481527
nicaragua,2021,2128.60980633198
netherlands,2021,60141.9880911492
norway,2021,93072.8925119571
nepal,2021,1252.75076731986
nauru,2021,14989.6647450751
new zealand,2021,49624.1816729553
oman,2021,19403.4600160211
pakistan,2021,1455.31922370186
panama,2021,15509.8069109784
peru,2021,6826.9720069846
philippines,2021,3484.38593882819
palau,2021,13257.2066721026
papua new guinea,2021,2607.57861884395
poland,2021,18635.5104895754
puerto rico,2021,32619.250416757
portugal,2021,24711.4510062111
paraguay,2021,5976.9317978996
west bank and gaza,2021,3678.63565662194
french polynesia,2021,21982.9038942614
qatar,2021,71751.8831234838
romania,2021,14986.7854904274
russian federation,2021,12521.5224609375
rwanda,2021,828.833032800998
south asia,2021,2131.30229648282
saudi arabia,2021,28396.0864182336
sudan,2021,712.122009277344
senegal,2021,1598.10676952274
singapore,2021,79601.4129622433
solomon islands,2021,1996.86976779348
sierra leone,2021,885.184270659578
el salvador,2021,4642.60743101342
san marino,2021,54168.9828262684
somalia,2021,549.114743546859
serbia,2021,9680.52798074468
south sudan,2021,
sao tome and principe,2021,2362.58827248102
suriname,2021,5029.84838543953
slovak republic,2021,22138.1949833348
slovenia,2021,29187.369382785
sweden,2021,61174.9680215622
eswatini,2021,3926.48687364215
sint maarten (dutch part),2021,32548.4366854902
seychelles,2021,14982.9111487767
syrian arab republic,2021,663.614245706815
turks and caicos islands,2021,23114.7902123091
chad,2021,660.747192555507
togo,2021,939.613373786407
thailand,2021,7058.0694998852
tajikistan,2021,896.748053372182
turkmenistan,2021,7051.20211079213
timor-leste,2021,2684.82704373402
tonga,2021,4912.57950603175
tunisia,2021,3885.28166485296
turkiye,2021,9743.21277804855
tuvalu,2021,5905.08198095343
tanzania,2021,1159.85656738281
uganda,2021,882.791717542504
ukraine,2021,4775.94580078125
uruguay,2021,17888.211510172
united states,2021,71318.3073592183
uzbekistan,2021,2258.51964119278
st. vincent and the grenadines,2021,8481.30537359541
virgin islands (u.s.),2021,42571.0777368471
viet nam,2021,3704.1935590038
vanuatu,2021,3107.20312858002
samoa,2021,3947.64517905415
kosovo,2021,5270.42670206205
"yemen, rep.",2021,522.173512705812
south africa,2021,6843.39941886204
zambia,2021,1127.16077872857
zimbabwe,2021,1724.38773104902
aruba,2022,30559.5335346581
africa eastern and southern,2022,1628.02452570959
afghanistan,2022,357.261152798144
africa western and central,2022,1777.23501216669
angola,2022,2929.69445467272
albania,2022,6846.42614266044
andorra,2022,42414.0590092117
united arab emirates,2022,49899.0652978649
argentina,2022,13935.6811110049
armenia,2022,6571.97445545099
american samoa,2022,18017.4589383973
antigua and barbuda,2022,20117.7653310355
australia,2022,64997.0136536475
austria,2022,52176.6649141178
azerbaijan,2022,7770.594223351
burundi,2022,250.634225368744
belgium,2022,50807.2047084918
benin,2022,1264.70765976655
burkina faso,2022,836.118304593682
bangladesh,2022,2716.48592677835
bulgaria,2022,13644.201582807
bahrain,2022,30616.2610677495
"bahamas, the",2022,33044.388209429
bosnia and herzegovina,2022,7655.59421024383
belarus,2022,7994.64806074889
belize,2022,7068.45478269722
bermuda,2022,120897.311155385
bolivia,2022,3643.92826968677
brazil,2022,9281.33334441234
barbados,2022,22164.0260273876
brunei darussalam,2022,36632.9280421411
bhutan,2022,3711.32767902157
botswana,2022,8329.04032229144
central african republic,2022,467.359825026238
canada,2022,55509.393176404
central europe and the baltics,2022,19502.8169309088
switzerland,2022,93245.7952120851
channel islands,2022,67627.3082341446
chile,2022,15451.1319576678
china,2022,12662.5826712038
cote d'ivoire,2022,2308.70654660366
cameroon,2022,1604.87726954895
"congo, dem. rep.",2022,642.612265820033
"congo, rep.",2022,2620.83804267402
colombia,2022,6674.59601948063
comoros,2022,1489.49566257969
cabo verde,2022,4323.31362665974
costa rica,2022,13625.9008491328
cuba,2022,
curacao,2022,20501.7522782219
cayman islands,2022,92202.1478031576
cyprus,2022,33938.9453125
czechia,2022,28282.2236715857
germany,2022,49686.1154582583
djibouti,2022,3231.30015326477
dominica,2022,9085.67412772363
denmark,2022,68091.3191138669
dominican republic,2022,10109.5234003521
algeria,2022,4961.55257664733
east asia & pacific,2022,12889.9061983889
ecuador,2022,6540.99824522101
"egypt, arab rep.",2022,4233.30783744856
spain,2022,30287.3657583614
estonia,2022,28451.1477825175
ethiopia,2022,1011.0732858233
finland,2022,50438.4753952355
fiji,2022,5405.03007408295
france,2022,41082.8119320747
faroe islands,2022,66108.733645837
"micronesia, fed. sts.",2022,3835.38184348074
gabon,2022,8409.2074145028
united kingdom,2022,45935.9276473925
georgia,2022,6729.84659930283
ghana,2022,2240.27945094566
guinea,2022,1416.59612011764
"gambia, the",2022,836.244875868476
guinea-bissau,2022,853.281304044102
equatorial guinea,2022,7589.29964909381
greece,2022,20971.8349258283
grenada,2022,10474.2652893842
greenland,2022,
guatemala,2022,5358.08963795
guam,2022,41833.1517132825
guyana,2022,17913.4910146288
"hong kong sar, china",2022,48826.0527728276
honduras,2022,3003.28996826399
croatia,2022,18466.0955472648
haiti,2022,1760.62635668777
hungary,2022,18353.298364905
indonesia,2022,4730.74548910499
isle of man,2022,
india,2022,2352.61392452078
ireland,2022,106194.755859223
"iran, islamic rep.",2022,4405.09291519791
iraq,2022,6504.12428393548
iceland,2022,75314.085560994
israel,2022,54930.7261602593
italy,2022,35635.7442204098
jamaica,2022,6022.15341099999
jordan,2022,4332.25159897931
japan,2022,34017.2718075024
kazakhstan,2022,11255.3396437881
kenya,2022,2109.56288513137
kyrgyz republic,2022,1739.72030814894
cambodia,2022,2325.03050040841
kiribati,2022,2075.90844085067
st. kitts and nevis,2022,21011.5744209816
"korea, rep.",2022,32394.6833725203
kuwait,2022,40077.238047746
lao pdr,2022,2046.40440255621
lebanon,2022,3654.35845534878
liberia,2022,744.617175237387
libya,2022,5986.63694851258
st. lucia,2022,13103.7621654634
least developed countries: un classification,2022,1265.52540549785
liechtenstein,2022,186400.23376784
sri lanka,2022,3342.71989646203
lesotho,2022,1029.99553333827
lithuania,2022,25085.784063499
luxembourg,2022,125006.021815486
latvia,2022,20229.4613617326
"macao sar, china",2022,36909.9564090312
st. martin (french part),2022,
morocco,2022,3455.39624023438
monaco,2022,226052.001905201
moldova,2022,5738.42473515618
madagascar,2022,497.242514792961
maldives,2022,11786.0091545343
mexico,2022,11385.4070757929
marshall islands,2022,6322.82855503156
north macedonia,2022,7606.2375253797
mali,2022,813.965034073188
malta,2022,36142.2058531852
myanmar,2022,1158.05005034332
montenegro,2022,10093.4387007266
mongolia,2022,4993.51487463495
northern mariana islands,2022,23785.754590043
mozambique,2022,578.251663751351
mauritania,2022,1960.35240077424
mauritius,2022,10239.7970461095
malawi,2022,604.269751184515
malaysia,2022,11748.0919307944
north america,2022,75686.4898291323
namibia,2022,4349.04532248966
new caledonia,2022,33516.363085906
niger,2022,609.745147574878
nigeria,2022,2139.37478476974
nicaragua,2022,2325.16737851871
netherlands,2022,59123.318556487
norway,2022,108798.451165901
nepal,2022,1385.91066275016
nauru,2022,13287.2711890938
new zealand,2022,48216.5095836302
oman,2022,23665.6394740852
pakistan,2022,1538.3228133171
panama,2022,17332.4360742988
peru,2022,7363.27206939639
philippines,2022,3548.06930572116
palau,2022,14392.1990258461
papua new guinea,2022,3101.71063200047
poland,2022,18891.2121169279
puerto rico,2022,35268.0791015719
portugal,2022,24620.519556875
paraguay,2022,6205.62595379319
west bank and gaza,2022,3799.95527015163
french polynesia,2022,20738.6499971661
qatar,2022,88701.463350036
romania,2022,15557.8826247584
russian federation,2022,15445.2421875
rwanda,2022,975.469315871749
south asia,2022,2239.51630169785
saudi arabia,2022,34454.1957708412
sudan,2022,1046.24084472656
senegal,2022,1564.74522071584
singapore,2022,88428.7024226232
solomon islands,2022,2005.4139933198
sierra leone,2022,860.130884035452
el salvador,2022,5093.51833879776
san marino,2022,54264.570495898
somalia,2022,573.128092470162
serbia,2022,10022.9688543402
south sudan,2022,
sao tome and principe,2022,2389.73729784737
suriname,2022,6084.43876736445
slovak republic,2022,21342.7666714692
slovenia,2022,28373.8382265999
sweden,2022,55296.9371472535
eswatini,2022,3852.08573272946
sint maarten (dutch part),2022,36476.6300833859
seychelles,2022,17167.1909760833
syrian arab republic,2022,1051.67149587463
turks and caicos islands,2022,26802.0673752091
chad,2022,671.720147647873
togo,2022,898.758154410712
thailand,2022,6909.35997481451
tajikistan,2022,1052.17949484894
turkmenistan,2022,8156.35211950774
timor-leste,2022,2343.24524664152
tonga,2022,4933.07479143113
tunisia,2022,3678.40023411347
turkiye,2022,10674.504157865
tuvalu,2022,5911.32727055301
tanzania,2022,1207.85302734375
uganda,2022,963.067314117178
ukraine,2022,4199.6708984375
uruguay,2022,20691.9738991763
united states,2022,78035.1753604212
uzbekistan,2022,2578.66689394219
st. vincent and the grenadines,2022,9471.14627317673
virgin islands (u.s.),2022,44320.909185774
viet nam,2022,4116.38576094153
vanuatu,2022,3265.39645133096
samoa,2022,3869.46639492144
kosovo,2022,5290.94747224687
"yemen, rep.",2022,615.70207931388
south africa,2022,6523.41097815853
zambia,2022,1447.12310138035
zimbabwe,2022,2040.55245910726
aruba,2023,33984.7906198041
africa eastern and southern,2023,1659.51529015376
afghanistan,2023,415.707417059086
africa western and central,2023,1568.72431045118
angola,2023,2308.15976731274
albania,2023,8575.17113446213
andorra,2023,46812.4484486309
united arab emirates,2023,49040.6947525825
argentina,2023,14187.4827252965
armenia,2023,8053.01066312345
american samoa,2023,
antigua and barbuda,2023,21787.1017315914
australia,2023,64820.9117890026
austria,2023,56033.573792065
azerbaijan,2023,7125.90858368611
burundi,2023,193.007145564804
belgium,2023,54700.9093236712
benin,2023,1394.37330217623
burkina faso,2023,882.689810086163
bangladesh,2023,2551.01772674142
bulgaria,2023,15885.5391311331
bahrain,2023,29218.8605634137
"bahamas, the",2023,35896.50510715
bosnia and herzegovina,2023,8638.66620201187
belarus,2023,7829.05313660622
belize,2023,7459.99815132837
bermuda,2023,125841.602522489
bolivia,2023,3686.27996490544
brazil,2023,10294.866680778
barbados,2023,23804.0249914995
brunei darussalam,2023,32962.9065121916
bhutan,2023,
botswana,2023,7820.23240375076
central african republic,2023,495.978897153068
canada,2023,53431.1857063879
central europe and the baltics,2023,22637.7950110942
switzerland,2023,99564.710026145
channel islands,2023,74589.1380225191
chile,2023,17067.8136150601
china,2023,12614.0617416421
cote d'ivoire,2023,2530.84659301723
cameroon,2023,1736.86091073524
"congo, dem. rep.",2023,627.502181690836
"congo, rep.",2023,2477.97845544866
colombia,2023,6947.35928681966
comoros,2023,1590.31237688317
cabo verde,2023,4850.98415849643
costa rica,2023,16942.0268119375
cuba,2023,
curacao,2023,22192.4453028535
cayman islands,2023,97749.5078960846
cyprus,2023,36551.41796875
czechia,2023,31591.1770732969
germany,2023,54343.2265084958
djibouti,2023,3554.83918868372
dominica,2023,9832.99643050057
denmark,2023,68453.8769281145
dominican republic,2023,10717.6276712204
algeria,2023,5364.02795022731
east asia & pacific,2023,12908.6377076783
ecuador,2023,6609.80408154957
"egypt, arab rep.",2023,3457.45691570455
spain,2023,33509.0127982139
estonia,2023,30133.304450454
ethiopia,2023,1272.01628209211
finland,2023,52925.6897638424
fiji,2023,5888.73668639357
france,2023,44690.9345395117
faroe islands,2023,71717.7042204698
"micronesia, fed. sts.",2023,4084.16940424398
gabon,2023,7802.83659565049
united kingdom,2023,49463.8554617343
georgia,2023,8283.66960242964
ghana,2023,2260.28741289427
guinea,2023,1541.04050914957
"gambia, the",2023,888.157407724123
guinea-bissau,2023,951.242748289294
equatorial guinea,2023,6677.793435386
greece,2023,23400.7278817691
grenada,2023,11246.3451228921
greenland,2023,
guatemala,2023,5762.82174615918
guam,2023,
guyana,2023,20765.3503593109
"hong kong sar, china",2023,50531.7385421945
honduras,2023,3231.65724461936
croatia,2023,21865.4562838641
haiti,2023,1705.77905452248
hungary,2023,22141.8669799276
indonesia,2023,4876.31432703188
isle of man,2023,
india,2023,2480.79208721621
ireland,2023,103887.800388081
"iran, islamic rep.",2023,4465.63766994952
iraq,2023,5565.12644647176
iceland,2023,79636.9548578508
israel,2023,52642.4267486308
italy,2023,39003.3160954123
jamaica,2023,6839.72503886968
jordan,2023,4455.50540514568
japan,2023,33766.5268253808
kazakhstan,2023,12918.8661346014
kenya,2023,1952.30457929636
kyrgyz republic,2023,1970.15780961839
cambodia,2023,2429.74853452838
kiribati,2023,2106.76000405677
st. kitts and nevis,2023,22573.6724791004
"korea, rep.",2023,33121.3712885508
kuwait,2023,33729.7985494456
lao pdr,2023,2066.94979776957
lebanon,2023,
liberia,2023,771.887142089677
libya,2023,6172.81246940233
st. lucia,2023,13554.6651875402
least developed countries: un classification,2023,1306.23478492715
liechtenstein,2023,
sri lanka,2023,3827.96495637489
lesotho,2023,916.282979328622
lithuania,2023,27786.0057829276
luxembourg,2023,128678.189942826
latvia,2023,22502.8429938094
"macao sar, china",2023,67476.5290813306
st. martin (french part),2023,
morocco,2023,3771.4462890625
monaco,2023,256580.515122745
moldova,2023,6729.41286813969
madagascar,2023,506.159368687808
maldives,2023,12530.3602359683
mexico,2023,13790.0243428344
marshall islands,2023,6678.34239060448
north macedonia,2023,8624.29360948531
mali,2023,869.270234286992
malta,2023,40395.7692064458
myanmar,2023,1233.19666209269
montenegro,2023,12221.4775546967
mongolia,2023,5838.63108083902
northern mariana islands,2023,
mozambique,2023,622.985619320596
mauritania,2023,2120.82320358953
mauritius,2023,11613.0441587588
malawi,2023,602.343619809252
malaysia,2023,11379.0861000632
north america,2023,79640.4296229555
namibia,2023,4168.28521087347
new caledonia,2023,
niger,2023,642.937917863471
nigeria,2023,1596.63696129001
nicaragua,2023,2612.87066241288
netherlands,2023,64572.0059558854
norway,2023,87925.0944188399
nepal,2023,1377.62603571292
nauru,2023,12982.7612060515
new zealand,2023,48280.8114166238
oman,2023,21549.8368728192
pakistan,2023,1365.27743222493
panama,2023,18686.4050961265
peru,2023,7906.58502858
philippines,2023,3804.8725797521
palau,2023,15899.4224911152
papua new guinea,2023,2957.68262498549
poland,2023,22056.6661704127
puerto rico,2023,36779.0594913858
portugal,2023,27331.2094945255
paraguay,2023,6276.35113919957
west bank and gaza,2023,3372.34974423005
french polynesia,2023,
qatar,2023,80195.874646942
romania,2023,18404.2730871704
russian federation,2023,13817.0458984375
rwanda,2023,1010.2689290184
south asia,2023,2303.30291008899
saudi arabia,2023,32093.9622984711
sudan,2023,2183.44140625
senegal,2023,1706.44218024762
singapore,2023,84734.2559206054
solomon islands,2023,2041.6364912646
sierra leone,2023,757.85833603088
el salvador,2023,5391.06926181338
san marino,2023,
somalia,2023,597.458854603159
serbia,2023,12281.5058488303
south sudan,2023,
sao tome and principe,2023,2940.93352926715
suriname,2023,5494.07409425517
slovak republic,2023,24491.3771867262
slovenia,2023,32610.110922729
sweden,2023,55516.836477474
eswatini,2023,3610.60879677551
sint maarten (dutch part),2023,38077.5444869761
seychelles,2023,17879.2396545075
syrian arab republic,2023,
turks and caicos islands,2023,30348.8114409139
chad,2023,680.639877912029
togo,2023,985.697512629974
thailand,2023,7182.02525812415
tajikistan,2023,1160.81187026311
turkmenistan,2023,8232.65225980002
timor-leste,2023,1502.51963828284
tonga,2023,
tunisia,2023,3977.69516639644
turkiye,2023,13105.6585678319
tuvalu,2023,6344.7750188689
tanzania,2023,1224.48962402344
uganda,2023,1002.30913917142
ukraine,2023,5069.703125
uruguay,2023,22797.8111731861
united states,2023,82769.4122114216
uzbekistan,2023,2849.51461071911
st. vincent and the grenadines,2023,10520.4441534791
virgin islands (u.s.),2023,
viet nam,2023,4282.08851724506
vanuatu,2023,3515.23633611798
samoa,2023,4330.17840531329
kosovo,2023,5960.15820477447
"yemen, rep.",2023,477.409028678688
south africa,2023,6022.5425418935
zambia,2023,1330.72780576709
zimbabwe,2023,2156.0340040333
