Country Name,Country Code,2015,2016,2017,2018,2019,2020,2021,2022,2023
Aruba,ABW,75.683,75.617,75.903,76.072,76.248,75.723,74.626,74.992,
Africa Eastern and Southern,AFE,61.8568558505819,62.4446410966273,62.9248101271544,63.3670367555538,63.7547521666693,63.3097935065176,62.4490927859627,62.888463228983,
Afghanistan,AFG,62.659,63.136,63.016,63.081,63.565,62.575,61.982,62.879,
Africa Western and Central,AFW,56.1352747821566,56.5180855505093,56.8266341483196,57.1297073906826,57.5002948387114,57.1806707191864,56.9464748071321,57.5891064273872,
Angola,AGO,60.655,61.092,61.68,62.144,62.448,62.261,61.643,61.929,
Albania,ALB,78.644,78.86,79.047,79.184,79.282,76.989,76.463,76.833,
Arab World,ARB,70.6438916772436,70.8430191114354,71.3208697263729,71.4885385070567,71.6884184364112,70.7942234312115,70.6523470396568,71.0781699371824,
United Arab Emirates,ARE,79.223,79.335,79.504,79.627,79.726,78.946,78.71,79.196,
Argentina,ARG,76.76,76.308,76.833,76.999,77.284,75.892,75.39,76.064,
Armenia,ARM,74.436,74.664,74.906,75.064,75.439,72.173,72.043,73.372,
Antigua and Barbuda,ATG,77.913,78.152,78.268,78.511,78.691,78.841,78.497,79.236,
Australia,AUS,82.4,82.4487804878049,82.5,82.7487804878049,82.9,83.2,83.3,83.2,
Austria,AUT,81.190243902439,81.6414634146342,81.6439024390244,81.6926829268293,81.8951219512195,81.1926829268293,81.190243902439,81.0926829268293,
Azerbaijan,AZE,71.451,72.004,72.248,72.76,73.102,66.868,69.366,73.488,
Burundi,BDI,60.217,60.793,61.553,61.688,62.351,61.566,61.663,61.977,
Belgium,BEL,80.9926829268293,81.4390243902439,81.4926829268293,81.5951219512195,81.9951219512195,80.6951219512195,81.790243902439,81.6975609756098,
Benin,BEN,59.377,59.539,59.856,60.14,60.454,60.088,59.821,59.954,
Burkina Faso,BFA,58.845,59.326,59.536,60.047,60.039,59.731,59.27,59.766,
Bangladesh,BGD,70.491,71.09,71.788,72.567,72.806,71.968,72.381,73.698,
Bulgaria,BGR,74.6146341463415,74.8121951219512,74.8146341463415,74.9634146341464,75.1121951219512,73.6585365853659,71.4634146341463,74.3609756097561,
Bahrain,BHR,79.405,79.557,79.689,79.857,80.019,79.174,78.76,79.246,
"Bahamas, The",BHS,73.104,73.537,73.632,73.806,71.205,72.677,71.598,74.358,
Bosnia and Herzegovina,BIH,76.182,76.808,76.935,77.093,77.241,76.225,75.3,75.293,
Belarus,BLR,73.6243902439025,73.8268292682927,74.1292682926829,74.1756097560976,74.2268292682927,72.4572195121951,72.3706829268293,73.1114634146342,
Belize,BLZ,73.187,73.399,73.562,73.703,73.931,72.854,70.47,70.962,
Bermuda,BMU,80.918,80.608,82.351,80.825,81.033,81.136,79.28,81.571,
Bolivia,BOL,67.318,67.628,67.701,67.748,67.841,64.467,63.63,64.928,
Brazil,BRA,74.332,74.442,74.827,75.109,75.338,74.009,72.75,73.425,
Barbados,BRB,76.65,76.815,76.936,77.067,77.257,77.393,77.571,77.706,
Brunei Darussalam,BRN,74.75,74.733,74.722,74.712,74.748,74.795,74.642,74.551,
Bhutan,BTN,70.343,70.602,70.847,71.129,71.391,71.609,71.815,72.229,
Botswana,BWA,63.818,65.464,66.753,65.422,65.464,65.647,61.141,65.913,
Central African Republic,CAF,52.793,53.46,53.721,54.369,55.025,54.604,53.895,54.477,
Canada,CAN,81.8156097560976,81.9248780487805,81.8329268292683,81.8439024390244,82.2239024390244,81.6604878048781,81.5870731707317,81.2956097560976,
Central Europe and the Baltics,CEB,76.5715240168426,76.9691216017019,76.927648854983,76.9757647744597,77.2655334303509,76.0802066283339,74.7920383016387,76.7857380588102,
Switzerland,CHE,82.8975609756098,83.6024390243903,83.5512195121951,83.7536585365854,83.9048780487805,83.0,83.7512195121951,83.4536585365854,
Channel Islands,CHI,81.433,81.366,81.331,81.375,81.39,81.264,81.232,81.583,
Chile,CHL,79.746,80.079,80.35,80.133,80.326,79.377,78.944,79.519,
China,CHN,76.977,77.218,77.248,77.744,77.968,78.077,78.211,78.587,
Cote d'Ivoire,CIV,57.762,58.06,58.48,58.849,59.319,59.032,58.598,58.916,
Cameroon,CMR,59.658,60.233,60.81,61.18,61.584,60.833,60.333,60.958,
"Congo, Dem. Rep.",COD,58.49,59.066,59.411,59.942,60.276,59.739,59.193,59.743,
"Congo, Rep.",COG,63.233,63.577,63.76,64.053,62.747,63.785,63.519,63.053,
Colombia,COL,76.257,76.471,76.646,76.748,76.752,74.769,72.83,73.659,
Comoros,COM,62.896,63.237,63.625,63.912,64.068,64.166,63.417,63.68,
Cabo Verde,CPV,74.62,75.742,76.593,75.733,76.004,74.808,74.052,74.722,
Costa Rica,CRI,79.086,79.459,79.377,79.484,79.427,79.277,77.023,77.32,
Caribbean small states,CSS,71.8674733623341,72.2071551824674,72.4332461951409,72.694576053522,72.3592307062763,72.308759597255,70.4450018132098,70.9840247794591,
Cuba,CUB,77.772,77.643,77.529,77.496,77.611,77.567,73.683,78.155,
Curacao,CUW,78.0756097560976,77.719512195122,78.0170731707317,,,,,,
Cayman Islands,CYM,,,,,,,82.009756097561,,
Cyprus,CYP,80.966,81.056,81.328,81.382,81.397,81.391,81.203,81.889,
Czechia,CZE,78.5780487804878,79.0268292682927,78.9780487804878,79.0292682926829,79.2292682926829,78.1756097560976,77.2219512195122,79.0292682926829,
Germany,DEU,80.6414634146341,80.990243902439,80.9926829268293,80.8926829268293,81.2926829268293,81.0414634146342,80.790243902439,80.7056097560976,
Djibouti,DJI,61.957,62.191,62.797,63.038,63.085,62.694,62.305,62.859,
Dominica,DMA,68.727,70.128,67.525,73.59,73.559,73.649,72.814,72.981,
Denmark,DNK,80.7024390243902,80.8536585365854,81.1024390243903,80.9536585365854,81.4512195121951,81.6024390243903,81.4048780487805,81.3048780487805,
Dominican Republic,DOM,72.953,72.987,73.063,73.232,73.577,72.889,72.615,74.17,
Algeria,DZA,75.622,75.732,75.743,76.066,76.474,74.453,76.377,77.129,
East Asia & Pacific (excluding high income),EAP,75.1119119727131,75.3109651737337,75.3757926446065,75.7914160224627,75.992673092087,75.9260975082288,75.5328901017944,76.1676968092332,
Early-demographic dividend,EAR,69.8536662281089,70.1983596635622,70.5180253492573,70.768483000209,70.9856503544998,70.0017730020499,68.4344066377972,69.2787025969777,
East Asia & Pacific,EAS,75.9365967944783,76.1259565165813,76.2011424337729,76.5829004467556,76.7873101376072,76.7488995392737,76.3821728663599,76.8908803193648,
Europe & Central Asia (excluding high income),ECA,73.3347779121128,73.5463788771688,73.8912859142249,74.0864758474709,74.3132090293624,72.6548560330816,72.5756784791279,74.0288334456203,
Europe & Central Asia,ECS,77.2195960526704,77.5528746440128,77.7628908281095,77.8954378072222,78.1688006056568,76.9402938210574,76.6567585067198,77.8051871533767,
Ecuador,ECU,76.789,76.763,76.972,77.094,77.297,72.153,73.67,77.894,
"Egypt, Arab Rep.",EGY,70.483,70.844,71.302,71.367,71.358,70.99,70.221,70.159,
Euro area,EMU,81.5193422043975,81.9093542268696,81.8863805892422,82.0055745240526,82.283095808815,81.4949212153593,81.5950293897357,81.7018565021718,
Eritrea,ERI,66.033,66.289,66.577,67.067,67.3,67.133,66.536,66.604,
Spain,ESP,82.8317073170732,83.3292682926829,83.2829268292683,83.4317073170732,83.8317073170732,82.3317073170732,83.2292682926829,83.0829268292683,
Estonia,EST,77.590243902439,77.6414634146342,78.0926829268293,78.2439024390244,78.6463414634147,78.5951219512195,76.9439024390244,77.9439024390244,
Ethiopia,ETH,63.649,64.392,64.838,65.412,65.838,65.371,64.975,65.645,
European Union,EUU,80.5688525132732,80.9517504359263,80.9288274367457,81.0294256698864,81.315597211546,80.451933566125,80.3253644910688,80.8009860381263,
Fragile and conflict affected situations,FCS,60.9705211042924,61.249873616249,61.6159105183906,61.9275060577707,62.2300397029659,61.7330978653128,61.2320175374775,61.7932015299888,
Finland,FIN,81.4804878048781,81.4292682926829,81.6317073170732,81.7341463414634,81.9829268292683,81.9317073170732,81.8853658536585,81.1878048780488,
Fiji,FJI,66.844,67.24,67.79,67.81,67.893,67.924,67.114,68.312,
France,FRA,82.3219512195122,82.5731707317073,82.5756097560976,82.6756097560976,82.8268292682927,82.1756097560976,82.3243902439024,82.2292682926829,
Faroe Islands,FRO,81.7926829268293,82.0439024390244,82.2439024390244,82.4951219512195,82.6463414634146,82.8975609756098,83.0975609756098,83.3,
"Micronesia, Fed. Sts.",FSM,71.408,71.595,71.467,71.318,71.077,70.674,70.71,70.925,
Gabon,GAB,65.46,65.802,66.189,66.306,66.603,66.531,65.821,65.694,
United Kingdom,GBR,80.9560975609756,81.1560975609756,81.2560975609756,81.2560975609756,81.4048780487805,80.3512195121951,80.7,82.0585365853659,
Georgia,GEO,73.297,73.569,73.57,73.341,73.47,72.765,71.694,71.587,
Ghana,GHA,63.175,63.89,64.013,64.122,64.74,64.114,63.795,63.945,
Gibraltar,GIB,80.427,81.702,81.83,82.154,82.363,82.198,79.329,82.83,
Guinea,GIN,58.134,58.763,59.109,59.349,59.72,59.327,58.892,58.985,
"Gambia, The",GMB,62.494,63.013,62.995,63.04,63.755,62.612,62.083,62.906,
Guinea-Bissau,GNB,59.128,59.674,60.066,60.502,60.882,59.999,59.652,59.861,
Equatorial Guinea,GNQ,60.103,60.479,60.821,61.191,61.644,60.708,60.594,61.19,
Greece,GRC,81.0365853658537,81.3878048780488,81.2878048780488,81.7878048780488,81.6390243902439,81.2878048780488,80.0829268292683,80.6365853658537,
Grenada,GRD,75.013,74.762,74.765,74.808,74.863,74.924,74.936,75.335,
Greenland,GRL,71.4790243902439,71.8385365853659,71.9321951219512,71.9675609756098,71.9443902439024,71.8507317073171,71.8139024390244,71.5404878048781,
Guatemala,GTM,72.103,72.355,72.551,72.726,73.129,71.797,69.237,68.674,
Guam,GUM,76.616,76.877,77.155,77.439,77.717,76.612,76.656,78.33,
Guyana,GUY,68.201,68.384,68.667,68.896,69.124,68.486,65.673,65.989,
High income,HIC,79.472886256175,79.6665154276177,79.789477231299,79.8972919078753,80.1395351006223,79.1433131408218,78.7980877171883,79.5066307772331,
"Hong Kong SAR, China",HKG,84.2526829268293,84.2114634146342,84.6956097560976,84.869756097561,85.1558536585366,85.4963414634146,85.5326829268293,83.6609756097561,
Honduras,HND,72.487,72.588,72.692,72.814,72.881,71.462,70.123,70.728,
Heavily indebted poor countries (HIPC),HPC,61.5946681585434,62.1416585294314,62.5295170404504,62.9271549736672,63.3181064572701,62.7448243467892,62.2852723862781,62.8252840639938,
Croatia,HRV,77.2756097560976,78.0219512195122,77.8268292682927,78.0707317073171,78.4243902439025,77.7243902439024,76.4243902439025,77.5756097560976,
Haiti,HTI,63.237,63.392,63.854,64.019,64.255,64.052,63.192,63.728,
Hungary,HUN,75.5682926829269,76.0634146341464,75.8170731707317,76.0658536585366,76.3195121951219,75.5682926829269,74.1634146341463,76.0170731707317,
IBRD only,IBD,73.1441346044111,73.4114279787187,73.6330516756842,73.9249350552497,74.1205814668351,73.370078932859,72.1262124770037,72.9134905321011,
IDA & IBRD total,IBT,70.4808222385566,70.7621189743826,70.9995074332105,71.2770140066173,71.481364150254,70.7793625967098,69.7475357708765,70.4671467913885,
IDA total,IDA,62.7157930219261,63.127522480407,63.5022497521401,63.8372725817393,64.169862820231,63.7101324636448,63.3618186626048,64.0074332547117,
IDA blend,IDB,60.3157922471837,60.5245602631319,60.8446699300444,61.0543393432782,61.3192585699951,61.0047440710329,60.6823888070765,61.2894334441231,
Indonesia,IDN,69.699,69.798,69.936,70.338,70.518,68.808,67.57,68.25,
IDA only,IDX,63.9403931369836,64.451574764543,64.8497498378811,65.2439035778193,65.6053727445142,65.0678265740479,64.702887987557,65.3642224172282,
Isle of Man,IMN,78.905,80.314,80.457,80.596,80.737,80.588,80.525,80.762,
India,IND,69.636,70.117,70.467,70.71,70.91,70.15,67.24,67.744,
Ireland,IRL,81.4536585365854,81.6536585365854,82.1560975609756,82.2048780487805,82.7024390243903,82.5560975609756,82.3536585365854,83.0560975609756,
"Iran, Islamic Rep.",IRN,75.124,75.6,75.971,76.195,76.103,74.832,73.875,74.556,
Iraq,IRQ,69.44,68.988,70.413,71.514,71.576,69.123,70.378,71.336,
Iceland,ISL,82.4682926829268,82.2048780487805,82.6609756097561,82.8609756097561,83.1634146341463,83.0634146341463,83.1658536585366,82.1707317073171,
Israel,ISR,82.0512195121951,82.4073170731707,82.5512195121951,82.8024390243903,82.8048780487805,82.6487804878049,82.5,82.7,
Italy,ITA,82.5439024390244,83.2439024390244,82.9463414634147,83.3463414634146,83.4975609756098,82.1951219512195,82.6463414634146,82.9,
Jamaica,JAM,72.394,72.02,71.911,71.793,71.767,71.869,70.5,70.629,
Jordan,JOR,75.011,75.215,75.502,75.774,76.044,75.184,74.256,74.215,
Japan,JPN,83.7939024390244,83.9848780487805,84.099756097561,84.2109756097561,84.3563414634146,84.56,84.4456097560976,83.9963414634146,
Kazakhstan,KAZ,71.97,72.41,72.95,73.15,73.18,71.37,70.23,74.44,
Kenya,KEN,61.892,62.163,62.481,62.676,62.943,62.675,61.427,62.055,
Kyrgyz Republic,KGZ,70.6512195121951,70.9512195121951,71.2,71.4,71.6,71.8,71.9,72.0487804878049,
Cambodia,KHM,69.873,70.224,70.515,70.561,70.692,70.416,69.584,69.896,
Kiribati,KIR,66.059,66.332,66.597,66.855,67.15,67.266,67.417,67.661,
St. Kitts and Nevis,KNA,70.763,71.74,71.84,71.467,71.572,71.627,71.682,72.027,
"Korea, Rep.",KOR,82.0243902439024,82.2756097560976,82.6268292682927,82.6268292682927,83.2268292682927,83.4268292682927,83.5268292682927,82.6804878048781,
Kuwait,KWT,79.562,79.701,79.781,79.722,79.685,76.92,78.673,80.264,
Latin America & Caribbean (excluding high income),LAC,74.4739718760268,74.4715396040294,74.6405960808436,74.7678088152975,74.9568695078933,72.8211448073561,71.8925576088296,73.6091669105209,
Lao PDR,LAO,66.67,67.167,67.434,67.634,68.138,68.497,68.061,68.999,
Lebanon,LBN,79.229,79.505,79.654,79.729,79.236,77.804,75.047,74.416,
Liberia,LBR,59.148,60.416,60.553,60.853,61.104,60.948,60.747,61.1,
Libya,LBY,71.698,71.756,72.482,72.794,72.463,72.472,71.911,72.151,
St. Lucia,LCA,73.138,73.112,73.127,73.357,73.445,73.416,71.111,71.294,
Latin America & Caribbean,LCN,74.6153467456489,74.5809899269173,74.7336265116992,74.8500136238664,75.0357886195834,73.0265163953482,72.1362094011984,73.7501213409412,
Least developed countries: UN classification,LDC,63.4910879470846,64.0109064266327,64.4004122819752,64.7923469499686,65.1258903357164,64.6017504849063,64.1753409199014,64.8802732533622,
Low income,LIC,61.7210524307475,62.2350417462523,62.6454844591366,63.0074146440753,63.4346116696944,62.9652953931739,62.5053450647307,63.0187828193203,
Liechtenstein,LIE,82.6560975609756,82.2585365853659,83.7463414634147,83.0414634146342,84.1609756097561,81.6585365853659,84.4024390243902,84.319512195122,
Sri Lanka,LKA,74.927,75.331,75.403,75.748,76.008,76.393,76.399,76.61,
Lower middle income,LMC,67.585390843635,67.9676859820888,68.2920404040651,68.5352942825717,68.7404552946187,68.2096238109701,66.5033255523027,67.1659174849035,
Low & middle income,LMY,70.3723506685511,70.653734324035,70.8834200003221,71.1682575000595,71.368287587454,70.7037618127909,69.6814489998854,70.350086648099,
Lesotho,LSO,51.101,52.264,53.064,53.733,54.173,54.693,53.062,53.036,
Late-demographic dividend,LTE,76.011905470381,76.2571977187085,76.3982706820151,76.7688297686968,76.9908432902863,76.7229405185737,76.3723357240641,77.1043499415742,
Lithuania,LTU,74.3219512195122,74.6707317073171,75.4804878048781,75.6804878048781,76.2829268292683,74.9780487804878,74.0365853658537,75.7926829268293,
Luxembourg,LUX,82.2926829268293,82.6853658536585,82.0951219512195,82.2951219512195,82.6390243902439,82.1439024390244,82.5975609756098,83.0463414634146,
Latvia,LVA,74.4804878048781,74.580487804878,74.6292682926829,74.7829268292683,75.3878048780488,75.1853658536585,72.9804878048781,74.580487804878,
"Macao SAR, China",MAC,83.984,84.231,84.563,84.928,84.978,85.184,85.399,85.377,
St. Martin (French part),MAF,79.309,79.475,78.59,80.614,79.983,80.149,80.379,80.55,
Morocco,MAR,72.92,73.284,73.66,73.986,74.27,73.92,74.042,74.973,
Moldova,MDA,69.24,69.917,70.516,70.492,70.935,70.166,68.846,68.621,
Madagascar,MDG,64.339,64.997,65.094,65.27,65.882,65.182,64.485,65.23,
Maldives,MDV,79.695,79.872,79.943,80.013,80.116,79.875,79.918,80.839,
Middle East & North Africa,MEA,72.8065855694486,73.0769114628075,73.5281125554958,73.7045244867728,73.8450052264577,72.8525393886868,72.6238492636692,73.0940459752852,
Mexico,MEX,74.682,74.412,74.138,74.015,74.202,70.133,70.213,74.832,
Marshall Islands,MHL,63.827,64.057,64.27,64.5,64.746,64.977,65.269,65.146,
Middle income,MIC,71.3110093683544,71.5806383997142,71.8047791777568,72.0965934977823,72.287300775665,71.6169611419382,70.5441882938138,71.2481866258607,
North Macedonia,MKD,75.4024390243902,75.4,75.9536585365854,76.6487804878049,76.6024390243903,74.3951219512195,73.2463414634146,74.4248780487805,
Mali,MLI,58.363,58.731,59.132,59.393,59.664,58.633,58.941,59.417,
Malta,MLT,81.8975609756097,82.4536585365854,82.3463414634146,82.4487804878049,82.8585365853659,82.3487804878049,82.5073170731707,82.7,
Myanmar,MMR,65.561,65.685,65.843,66.465,66.61,66.797,65.672,67.256,
Middle East & North Africa (excluding high income),MNA,71.9449582874336,72.211025104653,72.7140285449284,72.9145963153561,73.0722424625567,72.1055788239625,71.8224203926076,72.2103836349625,
Montenegro,MNE,76.4487804878049,76.4414634146341,76.4853658536585,76.8414634146342,76.6829268292683,75.9317073170732,73.8243902439024,76.1878048780488,
Mongolia,MNG,69.498,69.865,70.237,71.199,71.822,72.141,70.975,72.667,
Mozambique,MOZ,58.151,59.038,59.771,60.526,61.166,61.172,59.325,59.625,
Mauritania,MRT,64.485,64.768,65.083,65.31,65.687,64.532,64.364,64.691,
Mauritius,MUS,74.3531707317073,74.3948780487805,74.5146341463415,74.4163414634146,74.2358536585366,74.1770731707317,73.680243902439,73.5146341463415,
Malawi,MWI,61.378,62.209,62.977,63.276,64.119,63.717,62.904,62.898,
Malaysia,MYS,75.094,75.289,75.476,75.644,75.76,75.938,74.884,76.26,
North America,NAC,79.0036487303218,78.8797301086062,78.8724720142716,78.9658404447629,79.141357645223,77.462717090877,76.8726640169191,77.8387652653349,
Namibia,NAM,60.7,61.682,62.293,62.586,63.075,62.829,59.269,58.059,
New Caledonia,NCL,77.2804878048781,76.9317073170732,77.5390243902439,80.0030975609756,80.4197073170732,80.8349512195122,79.1273414634146,80.9820731707317,
Niger,NER,61.083,61.629,62.16,62.454,62.897,61.451,61.576,62.08,
Nigeria,NGA,51.841,52.043,52.305,52.554,52.91,52.887,52.676,53.633,
Nicaragua,NIC,72.983,73.256,73.554,73.85,74.054,71.795,73.837,74.615,
Netherlands,NLD,81.509756097561,81.5609756097561,81.7609756097561,81.8121951219512,82.1121951219512,81.3585365853659,81.309756097561,81.7146341463415,
Norway,NOR,82.3048780487805,82.4073170731707,82.609756097561,82.7585365853659,82.9585365853659,83.209756097561,83.1634146341463,82.5609756097561,
Nepal,NPL,67.456,68.776,68.91,68.979,69.558,69.246,68.45,70.484,
Nauru,NRU,62.269,62.702,62.988,63.234,63.484,63.437,63.617,64.014,
New Zealand,NZL,81.6124390243903,81.6585365853659,81.8585365853659,81.7073170731707,82.0560975609756,82.2560975609756,82.2073170731707,82.7609756097561,
OECD members,OED,79.7910326962093,79.9044036722622,79.9315533155999,80.0097520847235,80.2213090935305,78.8952380071515,78.6638716565587,79.6281298121431,
Oman,OMN,77.687,77.916,77.924,77.966,78.002,74.757,72.541,73.935,
Other small states,OSS,72.2869321613143,72.6256409003127,73.0248701181191,73.2393179924134,73.4544672397344,73.1675808860756,72.3874919353631,72.8992435957495,
Pakistan,PAK,65.697,65.88,66.297,66.482,66.756,66.269,66.098,66.431,
Panama,PAN,77.468,77.653,77.795,77.863,77.81,76.657,76.223,76.826,
Peru,PER,75.621,75.789,75.879,76.009,76.156,73.665,72.377,73.385,
Philippines,PHL,71.268,71.387,71.516,71.689,71.865,72.119,69.266,72.187,
Papua New Guinea,PNG,64.701,64.84,65.103,65.182,65.474,65.787,65.351,65.958,
Poland,POL,77.4512195121951,77.8512195121951,77.7536585365854,77.6024390243903,77.9048780487805,76.5,75.5024390243902,77.3048780487805,
Pre-demographic dividend,PRE,59.0688613027692,59.472141296124,59.899663962263,60.3043495034889,60.6741260357704,60.2099627732247,59.8362546793253,60.470334428071,
Puerto Rico,PRI,79.695,80.27,79.258,79.77,79.063,78.041,80.162,79.72,
"Korea, Dem. People's Rep.",PRK,72.784,72.805,72.978,73.031,73.198,73.274,73.284,73.578,
Portugal,PRT,81.1243902439025,81.1243902439025,81.4243902439025,81.3243902439024,81.6756097560976,80.9756097560976,81.3780487804878,81.5804878048781,
Paraguay,PRY,73.191,73.534,73.644,73.568,73.621,73.182,70.262,70.475,
West Bank and Gaza,PSE,74.406,74.554,74.833,74.793,75.241,74.403,73.473,73.444,
Pacific island small states,PSS,68.5661417705734,68.834464947315,69.1290314691474,69.2302311172473,69.3168650222788,69.3806413584821,69.1848210230432,69.7559713939711,
Post-demographic dividend,PST,80.3769874715474,80.5348431895951,80.5794980607462,80.6664898048029,80.8947718002546,79.9953033602829,79.7348741357758,80.1357442642629,
French Polynesia,PYF,82.354,82.488,82.618,82.783,82.996,82.217,79.486,83.55,
Qatar,QAT,80.064,80.433,80.717,80.898,80.99,79.099,79.272,81.559,
Romania,ROU,74.9121951219512,75.209756097561,75.209756097561,75.3585365853659,75.6073170731707,74.2536585365854,72.809756097561,75.3048780487805,
Russian Federation,RUS,71.1834146341463,71.6512195121951,72.4514634146342,72.6621951219512,73.0839024390244,71.3387804878049,69.900243902439,72.5456097560976,
Rwanda,RWA,65.298,65.737,65.941,66.251,66.437,66.774,66.072,67.129,
South Asia,SAS,69.1324736517293,69.5972508271398,69.9669332766067,70.2400079461258,70.4582926588661,69.7336736654351,67.5674425618231,68.1474413137902,
Saudi Arabia,SAU,76.918,77.064,77.16,77.212,77.304,76.239,76.936,77.905,
Sudan,SDN,64.659,64.78,65.445,65.681,65.876,65.614,65.267,65.578,
Senegal,SEN,66.879,67.497,67.75,68.097,68.526,68.006,67.093,67.913,
Singapore,SGP,82.7439024390244,82.8463414634146,83.0951219512195,83.2975609756098,83.5951219512195,83.5439024390244,83.0926829268293,82.8951219512195,
Solomon Islands,SLB,69.583,69.801,69.988,70.173,70.382,70.199,70.348,70.742,
Sierra Leone,SLE,57.189,58.404,58.652,59.796,60.255,59.763,60.062,60.411,
El Salvador,SLV,71.814,72.025,72.311,72.555,72.559,71.061,70.748,71.475,
Somalia,SOM,54.857,55.044,55.654,56.375,57.078,55.967,55.28,56.107,
Serbia,SRB,75.2878048780488,75.6878048780488,75.5390243902439,75.890243902439,75.9365853658537,74.4780487804878,72.780487804878,75.4821951219512,
Sub-Saharan Africa (excluding high income),SSA,59.5220791189745,60.0258708215987,60.4363221585495,60.8249960142519,61.2099327930725,60.820253949348,60.2179675246604,60.7428523816943,
South Sudan,SSD,55.566,55.544,55.309,55.95,55.912,55.48,54.975,55.567,
Sub-Saharan Africa,SSF,59.5234252115263,60.0271553242519,60.4375513983323,60.826043528271,61.2110327116347,60.8216366383642,60.2190585730974,60.7441305312973,
Small states,SST,71.7298652594865,72.0596837789878,72.418736154973,72.6248947719198,72.7349734717726,72.5314173255443,71.6576934341937,72.1830686819043,
Sao Tome and Principe,STP,67.249,67.492,68.267,68.355,68.523,67.785,67.591,68.794,
Suriname,SUR,70.8,71.592,72.417,72.553,72.242,72.561,70.274,70.289,
Slovak Republic,SVK,76.5634146341463,77.1658536585366,77.1658536585366,77.2658536585366,77.6658536585366,76.8658536585366,74.6146341463415,77.0658536585366,
Slovenia,SVN,80.7756097560976,81.1756097560976,81.0292682926829,81.3780487804878,81.5292682926829,80.5317073170732,80.6756097560976,81.2829268292683,
Sweden,SWE,82.2048780487805,82.3073170731707,82.409756097561,82.5585365853659,83.109756097561,82.3560975609756,83.0560975609756,83.109756097561,
Eswatini,SWZ,55.019,56.659,57.895,59.411,60.549,59.692,57.066,56.36,
Sint Maarten (Dutch part),SXM,76.954,76.598,75.03,75.131,75.437,74.584,73.972,74.409,
Seychelles,SYC,74.2951219512195,74.309756097561,74.3,72.8414634146341,74.0463414634146,77.2365853658537,73.3975609756097,73.8487804878049,
Syrian Arab Republic,SYR,65.124,65.993,68.481,70.145,71.822,72.14,72.063,72.3,
Turks and Caicos Islands,TCA,76.912,76.864,76.702,76.443,75.326,75.001,74.587,74.925,
Chad,TCD,51.589,52.083,52.308,52.825,53.259,52.777,52.525,52.997,
East Asia & Pacific (IDA & IBRD countries),TEA,75.1411643130826,75.3423751612976,75.4057549374554,75.8258469794039,76.027482558625,75.9591028350983,75.5608849842264,76.1999855810352,
Europe & Central Asia (IDA & IBRD countries),TEC,73.1189194474154,73.4341863664895,73.860189712581,74.0283996396025,74.3227900511074,72.6811063424917,71.9994078653095,73.9137208375535,
Togo,TGO,59.396,59.55,60.154,60.244,60.901,61.035,61.619,61.588,
Thailand,THA,77.717,78.049,78.394,78.662,78.975,79.274,78.715,79.68,
Tajikistan,TJK,69.306,69.549,69.905,70.353,70.867,67.994,71.594,71.288,
Turkmenistan,TKM,68.782,68.777,68.916,68.796,69.002,68.687,69.264,69.41,
Latin America & the Caribbean (IDA & IBRD countries),TLA,74.5255237148256,74.4907410222905,74.6564591424147,74.7759178485014,74.9701507441763,72.9176989337852,72.0644281306922,73.6413370777084,
Timor-Leste,TLS,67.137,67.446,67.745,68.017,68.268,68.475,67.737,69.056,
Middle East & North Africa (IDA & IBRD countries),TMN,71.9173004392539,72.1845606763141,72.6900305612885,72.8931509072966,73.0472852579126,72.0789018806073,71.8030768919323,72.1958188105999,
Tonga,TON,70.607,70.661,70.713,70.779,70.871,70.928,70.986,71.27,
South Asia (IDA & IBRD),TSA,69.1324736517293,69.5972508271398,69.9669332766067,70.2400079461258,70.4582926588661,69.7336736654351,67.5674425618231,68.1474413137902,
Sub-Saharan Africa (IDA & IBRD countries),TSS,59.5234252115263,60.0271553242519,60.4375513983323,60.826043528271,61.2110327116347,60.8216366383642,60.2190585730974,60.7441305312973,
Trinidad and Tobago,TTO,74.503,74.281,74.23,73.802,74.228,74.406,72.971,74.708,
Tunisia,TUN,75.692,75.786,75.845,75.95,75.993,75.292,73.772,74.263,
Turkiye,TUR,76.646,76.66,77.141,77.563,77.832,75.85,76.032,78.475,
Tuvalu,TUV,64.06,64.108,64.148,64.212,64.278,64.382,64.547,64.854,
Tanzania,TZA,64.651,65.386,65.999,66.535,66.989,66.408,66.201,66.782,
Uganda,UGA,61.086,61.648,62.115,62.714,62.991,62.851,62.705,63.638,
Ukraine,UKR,71.189512195122,71.4763414634146,71.7809756097561,71.5826829268293,71.8273170731707,71.1851219512195,69.6478048780488,68.5879268292683,
Upper middle income,UMC,75.1317872757628,75.3116055717548,75.456150928902,75.8232157454878,76.0251024511298,75.2368556059315,74.8743403012636,75.6652990948112,
Uruguay,URY,77.483,77.571,77.625,77.611,77.508,78.43,75.436,78.0,
United States,USA,78.690243902439,78.5390243902439,78.5390243902439,78.6390243902439,78.7878048780488,76.9804878048781,76.3292682926829,77.4341463414634,
Uzbekistan,UZB,70.475,70.755,71.01,71.149,71.344,70.331,70.862,71.674,
St. Vincent and the Grenadines,VCT,74.407,74.28,74.305,74.128,72.835,72.126,69.629,68.972,
"Venezuela, RB",VEN,73.006,72.058,71.943,71.979,72.161,71.095,70.554,71.105,
British Virgin Islands,VGB,75.675,75.724,74.785,75.831,75.863,75.849,74.494,76.373,
Virgin Islands (U.S.),VIR,79.0170731707317,79.1682926829268,79.3682926829268,79.5195121951219,79.6682926829268,79.819512195122,80.0682926829268,80.319512195122,
Viet Nam,VNM,73.876,73.938,73.963,73.976,74.093,75.378,73.618,74.58,
Vanuatu,VUT,69.513,69.65,69.71,69.795,69.877,70.299,70.449,70.492,
World,WLD,72.0470869141673,72.2979064227925,72.4954123911282,72.7351157908109,72.9310338256441,72.1974597958651,71.2806116781408,71.9487167371408,
Samoa,WSM,72.515,72.54,72.59,72.636,72.157,72.768,72.767,72.598,
Kosovo,XKX,78.922,78.981,78.783,78.696,79.022,76.567,76.806,79.524,
"Yemen, Rep.",YEM,65.873,66.064,65.957,64.575,65.092,64.65,63.753,63.72,
South Africa,ZAF,63.95,64.747,65.402,65.674,66.175,65.252,62.341,61.48,
Zambia,ZMB,61.208,61.794,62.12,62.342,62.793,62.38,61.223,61.803,
Zimbabwe,ZWE,59.591,60.306,60.709,61.414,61.292,61.124,59.253,59.391,
